,age,sex,bmi,children,smoker,region,charges,charges_Sklearn
0,19,female,27.9,0,yes,southwest,16884.924,0.4726414695182856
1,18,male,33.77,1,no,southeast,1725.5523,0.01810077645394577
2,28,male,33.0,3,no,southeast,4449.462,0.09977486080156278
3,33,male,22.705,0,no,northwest,21984.47061,0.6255469788160954
4,32,male,28.88,0,no,northwest,3866.8552,0.08230589810992317
5,31,female,25.74,0,no,southeast,3756.6216,0.07900063863515369
6,46,female,33.44,1,no,southeast,8240.5896,0.21344855394013443
7,37,female,27.74,3,no,northwest,7281.5056,0.18469124692938815
8,37,male,29.83,2,no,northeast,6406.4107,0.1584522806836387
9,60,female,25.84,0,no,northwest,28923.13692,0.8335969069994376
10,25,male,26.22,0,no,northeast,2721.3208,0.047958036575197246
11,62,female,26.29,0,yes,southeast,27808.7251,0.8001822291983849
12,23,male,34.4,0,no,southwest,1826.843,0.021137890780984284
13,56,female,39.82,0,no,southeast,11090.7178,0.2989071912100564
14,19,male,24.6,1,no,southwest,1837.237,0.021449545911368793
15,52,female,30.78,1,no,northeast,10797.3362,0.2901103968286425
16,23,male,23.845,0,no,northeast,2395.17155,0.038178732454208206
17,56,male,40.3,0,no,southwest,10602.385,0.28426495314434225
18,60,female,36.005,0,no,northeast,13228.84695,0.3630171507080524
19,30,female,32.4,1,no,southwest,4149.736,0.09078783505501403
20,18,male,34.1,0,no,southeast,1137.011,0.00045387289533802
21,37,male,28.025,2,no,northwest,6203.90175,0.15238022438035986
22,59,female,27.72,3,no,southeast,14001.1338,0.3861735061949672
23,63,female,23.085,0,no,northeast,14451.83515,0.399687397670696
24,55,female,32.775,2,no,northwest,12268.63225,0.3342259406324682
25,23,male,17.385,1,no,northwest,2775.19215,0.049573322567908376
26,18,female,26.315,0,no,northeast,2198.18985,0.032272405977696525
27,19,female,28.6,5,no,southwest,4687.797,0.10692113033207962
28,63,male,28.31,0,no,northwest,13770.0979,0.379246093886135
29,19,male,20.425,0,no,northwest,1625.43375,0.015098808034265367
30,62,female,32.965,3,no,northwest,15612.19335,0.43447973807032414
31,26,male,20.8,0,no,southwest,2302.3,0.035394059082622525
32,24,female,26.6,0,no,northeast,3046.062,0.05769512153067369
33,31,female,36.63,2,no,southeast,4949.7587,0.11477582609590953
34,41,male,21.78,1,no,southeast,6272.4772,0.1544364001366545
35,37,female,30.8,2,no,southeast,6313.759,0.15567419932479257
36,38,male,37.05,1,no,northeast,6079.6715,0.14865528742043585
37,55,male,37.3,0,no,southwest,20630.28351,0.5849428459302459
38,18,female,38.665,2,no,northeast,3393.35635,0.06810844324811198
39,28,female,34.77,0,no,northwest,3556.9223,0.07301282726520995
40,60,female,24.53,0,no,southeast,12629.8967,0.34505814375619703
41,18,female,35.625,0,no,northeast,2211.13075,0.032660427709156295
42,21,female,33.63,2,no,northwest,3579.8287,0.07369965592392072
43,48,male,28.0,1,yes,southwest,23568.272,0.6730358982603535
44,40,female,28.69,3,no,northwest,8059.6791,0.20802410854226772
45,58,female,31.825,2,no,northeast,13607.36875,0.3743668005957164
46,18,male,31.68,2,yes,southeast,34303.1672,0.9949124773656113
47,53,female,22.88,1,yes,southeast,23244.7902,0.6633365753282758
48,34,female,37.335,2,no,northwest,5989.52365,0.14595228184552406
49,43,male,27.36,3,no,northeast,8606.2174,0.22441158835241087
50,25,male,33.66,4,no,southeast,4504.6624,0.10142999721288443
51,64,male,24.7,1,no,northwest,30166.61817,0.8708816204013465
52,28,female,25.935,1,no,northwest,4133.64165,0.09030525984357435
53,20,female,22.42,0,yes,northwest,14711.7438,0.40748053450000254
54,19,female,28.9,0,no,southwest,1743.214,0.018630347304081626
55,61,female,39.1,2,no,southwest,14235.072,0.3931879414675204
56,40,male,26.315,1,no,northwest,6389.37785,0.1579415653586849
57,40,female,36.19,0,no,southeast,5920.1041,0.14387079647834258
58,28,male,23.98,3,yes,southeast,17663.1442,0.4959757313904099
59,27,female,24.75,0,yes,southeast,16577.7795,0.46343200644397503
60,31,male,28.5,5,no,northeast,6799.458,0.17023746516783914
61,53,female,28.1,3,no,southwest,11741.726,0.3184271109187715
62,58,male,32.01,1,no,southeast,11946.6259,0.3245708577968043
63,44,male,27.4,2,no,southwest,7726.854,0.19804463481360335
64,57,male,34.01,0,no,northwest,11356.6609,0.3068812658209243
65,29,female,29.59,1,no,southeast,3947.4131,0.08472135730061033
66,21,male,35.53,0,no,southeast,1532.4697,0.012311361129914586
67,22,female,39.805,0,no,northeast,2755.02095,0.04896850652345851
68,41,female,32.965,0,no,northwest,6571.02435,0.1633880790821205
69,31,male,26.885,1,no,northeast,4441.21315,0.09952752614481153
70,45,female,38.285,0,no,northeast,7935.29115,0.2042944430837809
71,48,female,41.23,4,no,northwest,11033.6617,0.29719641323384594
72,45,male,22.895,2,yes,northwest,21098.55405,0.5989835344235039
73,56,female,27.2,0,no,southwest,11073.176,0.29838121545806684
74,46,female,27.74,0,no,northwest,8026.6666,0.20703425718650295
75,55,female,26.98,0,no,northwest,11082.5772,0.29866310233624377
76,21,female,39.49,0,no,southeast,2026.9741,0.027138649301716944
77,53,female,24.795,1,no,northwest,10942.13205,0.29445197557704406
78,59,male,29.83,3,yes,northeast,30184.9367,0.8714308857328457
79,35,male,34.77,2,no,northwest,5729.0053,0.13814086368727818
80,28,female,37.62,1,no,southeast,3766.8838,0.07930834185614964
81,54,female,30.8,3,no,southwest,12105.32,0.3293291635911811
82,55,male,38.28,0,no,southeast,10226.2842,0.27298789485477915
83,56,male,19.95,0,yes,northeast,22412.6485,0.6383855237589195
84,38,male,19.3,0,yes,southwest,15820.699,0.4407316002539548
85,41,female,31.6,0,no,southwest,6186.127,0.15184726382342298
86,30,male,25.46,0,no,northeast,3645.0894,0.07565644175877585
87,18,female,30.115,0,no,northeast,21344.8467,0.6063684072297861
88,61,female,29.92,3,yes,southeast,30942.1918,0.894136527153361
89,34,female,27.5,1,no,southwest,5003.853,0.11639779705218803
90,20,male,28.025,1,yes,northwest,17560.37975,0.4928944279399921
91,19,female,28.4,1,no,southwest,2331.519,0.03627016561087969
92,26,male,30.875,2,no,northwest,3877.30425,0.08261920386710465
93,29,male,27.94,0,no,southeast,2867.1196,0.05232968791480712
94,54,male,33.63,1,no,northwest,10825.2537,0.29094747900129103
95,55,female,29.7,2,no,southwest,11881.358,0.32261385607615556
96,37,male,30.8,0,no,southwest,4646.759,0.10569064127678623
97,21,female,35.72,0,no,northwest,2404.7338,0.038465448277810205
98,52,male,32.205,3,no,northeast,11488.31695,0.3108288589928176
99,60,male,28.595,0,no,northeast,30259.99556,0.8736814609492987
100,58,male,49.06,0,no,southeast,11381.3254,0.3076208095926549
101,29,female,27.94,1,yes,southeast,19107.7796,0.5392918785854339
102,49,female,27.17,0,no,southeast,8601.3293,0.2242650228874472
103,37,female,23.37,2,no,northwest,6686.4313,0.1668484569972185
104,44,male,37.1,2,no,southwest,7740.337,0.19844891094627357
105,18,male,23.75,0,no,northeast,1705.6245,0.017503258548685383
106,20,female,28.975,0,no,northwest,2257.47525,0.034050027592753065
107,47,female,33.915,3,no,northwest,10115.00885,0.2696513994042469
108,26,female,28.785,0,no,northeast,3385.39915,0.06786985346520881
109,19,female,28.3,0,yes,southwest,17081.08,0.4785230380920498
110,52,female,37.4,0,no,southwest,9634.538,0.25524489513229137
111,32,female,17.765,2,yes,northwest,32734.1863,0.9478679375387589
112,38,male,34.7,2,no,southwest,6082.405,0.14873724906166214
113,59,female,26.505,0,no,northeast,12815.44495,0.35062164809007884
114,61,female,22.04,0,no,northeast,13616.3586,0.37463635349872654
115,53,female,35.9,2,no,southwest,11163.568,0.30109154166027163
116,19,male,25.555,0,no,northwest,1632.56445,0.015312615927110557
117,20,female,28.785,0,no,northeast,2457.21115,0.04003893638214767
118,22,female,28.05,0,no,southeast,2155.6815,0.03099782974509306
119,19,male,34.1,0,no,southwest,1261.442,0.004184829170965777
120,22,male,25.175,0,no,northwest,2045.68525,0.027699687005478167
121,54,female,31.9,3,no,southeast,27322.73386,0.785610200790849
122,22,female,36.0,0,no,southwest,2166.732,0.031329169462075354
123,34,male,22.42,2,no,northeast,27375.90478,0.78720448499378
124,26,male,32.49,1,no,northeast,3490.5491,0.07102268407682846
125,34,male,25.3,2,yes,southeast,18972.495,0.5352354864695963
126,29,male,29.735,2,no,northwest,18157.876,0.5108098379551937
127,30,male,28.69,3,yes,northwest,20745.9891,0.5884121783083165
128,29,female,38.83,3,no,southeast,5138.2567,0.1204277761408604
129,51,female,37.73,1,no,southeast,9877.6077,0.2625331305610025
130,53,female,37.43,1,no,northwest,10959.6947,0.2949785764983109
131,19,male,28.4,1,no,southwest,1842.519,0.021607922128291143
132,35,male,24.13,1,no,northwest,5125.2157,0.12003675299718669
133,48,male,29.7,0,no,southeast,7789.635,0.1999270689814569
134,32,female,37.145,3,no,northeast,6334.34355,0.15629140931268523
135,42,female,23.37,0,yes,northeast,19964.7463,0.5649872863806698
136,40,female,25.46,1,no,northeast,7077.1894,0.17856500179270662
137,44,male,39.52,0,no,northwest,6948.7008,0.17471238187872518
138,48,male,24.42,0,yes,southeast,21223.6758,0.6027352022424561
139,18,male,25.175,0,yes,northeast,15518.18025,0.4316608363060032
140,50,female,27.83,3,no,southeast,19749.38338,0.5585298148670477
141,42,female,26.6,0,yes,northwest,21348.706,0.6064841250135742
142,54,male,39.6,1,no,southwest,10450.552,0.27971237151920547
143,32,female,29.8,2,no,southwest,5152.134,0.12084387501914448
144,37,male,29.64,0,no,northwest,5028.1466,0.11712621970713405
145,47,male,28.215,4,no,northeast,10407.08585,0.27840907647922447
146,20,female,37.0,5,no,southwest,4830.63,0.11120385471520555
147,32,female,33.155,3,no,northwest,6128.79745,0.15012828668467607
148,19,female,31.825,1,no,northwest,2719.27975,0.047896837450329896
149,27,male,18.905,3,no,northeast,4827.90495,0.11112214643994536
150,63,male,41.47,0,no,southeast,13405.3903,0.3683106508776472
151,49,male,30.3,0,no,southwest,8116.68,0.20973323139406053
152,18,male,15.96,0,no,northeast,1694.7964,0.017178587303994547
153,35,female,34.8,1,no,southwest,5246.047,0.1236597753712515
154,24,female,33.345,0,no,northwest,2855.43755,0.05197941171547016
155,38,male,27.835,2,no,northwest,6455.86265,0.1599350547768673
156,54,male,29.2,1,no,southwest,10436.096,0.27927892082026007
157,46,female,28.9,2,no,southwest,8823.279,0.23091999332157298
158,41,female,33.155,3,no,northeast,8538.28845,0.22237479734133403
159,58,male,28.595,0,no,northwest,11735.87905,0.3182517951630853
160,18,female,38.28,0,no,southeast,1631.8212,0.015290330216541158
161,22,male,19.95,3,no,northeast,4005.4225,0.08646071915557735
162,44,female,26.41,0,no,northwest,7419.4779,0.1888282274129316
163,44,male,30.69,2,no,southeast,7731.4271,0.19818175527509663
164,26,female,29.92,2,no,southeast,3981.9768,0.08575772005124252
165,30,female,30.9,3,no,southwest,5325.651,0.12604663269269933
166,41,female,32.2,1,no,southwest,6775.961,0.16953292787722488
167,29,female,32.11,2,no,northwest,4922.9159,0.11397096787637082
168,61,male,31.57,0,no,southeast,12557.6053,0.3428905484422968
169,36,female,26.2,0,no,southwest,4883.866,0.1128000902858376
170,25,male,25.74,0,no,southeast,2137.6536,0.030457278703621166
171,56,female,26.6,1,no,northwest,12044.342,0.32750079082414374
172,18,male,34.43,0,no,southeast,1137.4697,0.00046762661943917233
173,19,male,30.59,0,no,northwest,1639.5631,0.015522464414532679
174,39,female,32.8,0,no,southwest,5649.715,0.13576341238992137
175,45,female,28.6,2,no,southeast,8516.829,0.22173135423110413
176,51,female,18.05,0,no,northwest,9644.2525,0.25553617604090406
177,64,female,39.33,0,no,northeast,14901.5167,0.4131707113224911
178,19,female,32.11,0,no,northwest,2130.6759,0.030248058383890164
179,48,female,32.23,1,no,southeast,8871.1517,0.23235541496486317
180,60,female,24.035,0,no,northwest,13012.20865,0.3565214380245063
181,46,male,22.3,0,no,southwest,7147.105,0.18066136079154355
182,28,female,28.88,1,no,northeast,4337.7352,0.09642482901192992
183,59,male,26.4,0,no,southeast,11743.299,0.31847427596784744
184,35,male,27.74,2,yes,northeast,20984.0936,0.5955515364950241
185,63,female,31.8,0,no,southwest,13880.949,0.3825698685661202
186,40,male,41.23,1,no,northeast,6610.1097,0.16456001961034586
187,20,male,33.0,1,no,southwest,1980.07,0.025732270294494694
188,40,male,30.875,4,no,northwest,8162.71625,0.21111358866711843
189,24,male,28.5,2,no,northwest,3537.703,0.07243655312172341
190,34,female,26.73,1,no,southeast,5002.7827,0.11636570502928534
191,45,female,30.9,2,no,southwest,8520.026,0.22182721352029394
192,41,female,37.1,2,no,southwest,7371.772,0.18739780712385998
193,53,female,26.6,0,no,northwest,10355.641,0.27686654699737323
194,27,male,23.1,0,no,southeast,2483.736,0.04083426114500889
195,26,female,29.92,1,no,southeast,3392.9768,0.06809706276853363
196,24,female,23.21,0,no,southeast,25081.76784,0.7184167663911611
197,34,female,33.7,1,no,southwest,5012.471,0.11665620035348237
198,53,female,33.25,0,no,northeast,10564.8845,0.2831405329772281
199,32,male,30.8,3,no,southwest,5253.524,0.12388396677108654
200,42,male,24.64,0,yes,southeast,19515.5416,0.5515182706650805
201,55,male,33.88,3,no,southeast,11987.1682,0.3257864837148905
202,28,male,38.06,0,no,southeast,2689.4954,0.047003779389653735
203,58,female,41.91,0,no,southeast,24227.33724,0.6927974013683098
204,41,female,31.635,1,no,northeast,7358.17565,0.18699013228914732
205,47,male,25.46,2,no,northeast,9225.2564,0.24297293915653795
206,42,female,36.195,1,no,northwest,7443.64305,0.18955279860535135
207,59,female,27.83,3,no,southeast,14001.2867,0.38617809076966764
208,19,female,17.8,0,no,southwest,1727.785,0.018167722038861057
209,59,male,27.5,1,no,southwest,12333.828,0.3361807789975601
210,39,male,24.51,2,no,northwest,6710.1919,0.1675608981066099
211,40,female,22.22,2,yes,southeast,19444.2658,0.5493811272417344
212,18,female,26.73,0,no,southeast,1615.7667,0.014808949873000833
213,31,male,38.39,2,no,southeast,4463.2051,0.10018693580852711
214,19,male,29.07,0,yes,northwest,17352.6803,0.486666738968418
215,44,male,38.06,1,no,southeast,7152.6714,0.18082826449731348
216,33,female,22.135,1,no,northeast,5354.07465,0.12689889133679721
217,40,male,35.3,3,no,southwest,7196.867,0.18215343146675947
218,63,female,27.74,0,yes,northeast,29523.1656,0.8515882497452374
219,54,male,30.02,0,no,northwest,24476.47851,0.7002676875897851
220,60,female,38.06,0,no,southeast,12648.7034,0.3456220464443443
221,24,male,35.86,0,no,southeast,1986.9334,0.025938063427252155
222,19,male,20.9,1,no,southwest,1832.094,0.0212953374896286
223,29,male,28.975,1,no,northeast,4040.55825,0.08751423433235313
224,18,male,17.29,2,yes,northeast,12829.4551,0.3510417303610964
225,27,male,30.3,3,no,southwest,4260.744,0.09411631424625164
226,55,female,25.365,3,no,northeast,13047.33235,0.3575745918924192
227,38,female,40.15,0,no,southeast,5400.9805,0.12830532281626097
228,51,male,24.415,4,no,northwest,11520.09985,0.3117818418524961
229,19,male,31.92,0,yes,northwest,33750.2918,0.9783349850745406
230,58,female,25.2,0,no,southwest,11837.16,0.32128861714477835
231,20,female,26.84,1,yes,southeast,17085.2676,0.47864859966834356
232,52,male,24.32,3,yes,northeast,24869.8368,0.7120621968410625
233,53,female,38.06,3,no,southeast,20462.99766,0.5799269239181972
234,40,male,19.8,1,yes,southeast,17179.522,0.4814747366051643
235,59,female,32.395,3,no,northeast,14590.63205,0.4038491030744353
236,45,male,30.2,1,no,southwest,7441.053,0.18947513818872136
237,49,male,25.84,1,no,northeast,9282.4806,0.24468875746634644
238,18,male,29.37,1,no,southeast,1719.4363,0.01791739346593041
239,41,male,37.05,2,no,northwest,7265.7025,0.18421740459814132
240,50,male,27.455,1,no,northeast,9617.66245,0.25473889631224517
241,25,male,27.55,0,no,northwest,2523.1695,0.04201664065087936
242,47,female,26.6,2,no,northeast,9715.841,0.2576826955042032
243,19,male,20.615,2,no,northwest,2803.69785,0.050428041410529284
244,22,female,24.3,0,no,southwest,2150.469,0.03084153742576179
245,59,male,31.79,2,no,southeast,12928.7911,0.354020234693584
246,51,female,21.56,1,no,southeast,9855.1314,0.26185919808004604
247,40,female,28.12,1,yes,northeast,22331.5668,0.6359543588767476
248,30,male,27.645,1,no,northeast,4237.12655,0.0934081653662151
249,55,female,32.395,1,no,northeast,11879.10405,0.32254627332830776
250,52,female,31.2,0,no,southwest,9625.92,0.254986491830997
251,46,male,26.62,1,no,southeast,7742.1098,0.1985020668261221
252,46,female,48.07,2,no,northeast,9432.9253,0.24919971211269615
253,63,female,26.22,0,no,northwest,14256.1928,0.39382123044941625
254,52,male,26.4,3,no,southeast,25992.82104,0.7457339112663992
255,28,female,33.4,0,no,southwest,3172.018,0.06147180361675329
256,29,male,29.64,1,no,northeast,20277.80751,0.5743741569041336
257,22,female,28.82,0,no,southeast,2156.7518,0.03102992176799574
258,25,male,26.8,3,no,southwest,3906.127,0.08348342918067883
259,18,male,22.99,0,no,northeast,1704.5681,0.01747158330530091
260,19,male,27.7,0,yes,southwest,16297.846,0.4550384417488151
261,47,male,25.41,1,yes,southeast,21978.6769,0.6253732594159165
262,48,female,28.88,1,no,northwest,9249.4952,0.2436997186807215
263,36,male,27.55,3,no,northeast,6746.7425,0.1686568363410367
264,53,female,22.61,3,yes,northeast,24873.3849,0.7121685835611045
265,56,female,37.51,2,no,southeast,12265.5069,0.3341322297067661
266,28,female,33.0,2,no,southeast,4349.462,0.09677644700144242
267,57,female,38.0,2,no,southwest,12646.207,0.3455471940422381
268,29,male,33.345,2,no,northwest,19442.3535,0.5493237885746347
269,28,female,27.5,2,no,southwest,20177.67113,0.5713716538672726
270,30,female,33.33,1,no,southeast,4151.0287,0.09082659555020818
271,58,male,34.865,0,no,northeast,11944.59435,0.32450994352124796
272,41,female,33.06,2,no,northwest,7749.1564,0.19871335305296137
273,50,male,26.6,0,no,southwest,8444.474,0.21956185192602706
274,19,female,24.7,0,no,southwest,1737.376,0.0184552999064306
275,49,male,35.86,0,no,southeast,8124.4084,0.209964960806189
276,52,male,33.25,0,no,northeast,9722.7695,0.2578904406043446
277,50,male,32.205,0,no,northwest,8835.26495,0.23127938170044848
278,54,male,32.775,0,no,northeast,10435.06525,0.2792480146700153
279,44,female,27.645,0,no,northwest,7421.19455,0.18887969968343135
280,32,male,37.335,1,no,northeast,4667.60765,0.10631577007552503
281,34,male,25.27,1,no,northwest,4894.7533,0.11312653659149813
282,26,female,29.64,4,no,northeast,24671.66334,0.7061201364682463
283,57,male,40.945,0,no,northeast,11566.30055,0.31316713001704827
284,29,male,27.2,0,no,southwest,2866.091,0.05229884623045908
285,40,male,34.105,1,no,northeast,6600.20595,0.16426306420361642
286,27,female,23.21,1,no,southeast,3561.8889,0.07316174648500672
287,52,male,36.7,0,no,southwest,9144.565,0.24055347708342767
288,52,male,27.36,0,yes,northwest,24393.6224,0.697783318553302
289,61,female,31.16,0,no,northwest,13429.0354,0.3690196288190995
290,56,female,28.785,0,no,northeast,11658.37915,0.3159280274664059
291,43,female,35.72,2,no,northeast,19144.57652,0.540395202512733
292,64,male,34.5,0,no,southwest,13822.803,0.3808264108779022
293,60,male,25.74,0,no,southeast,12142.5786,0.33044633059531275
294,62,male,27.55,1,no,northwest,13937.6665,0.38427049391320345
295,46,female,27.72,1,no,southeast,8232.6388,0.2132101560557145
296,24,female,27.6,0,no,southwest,18955.22017,0.5347175155829289
297,62,male,30.02,0,no,northwest,13352.0998,0.3667127811714941
298,60,female,27.55,0,no,northeast,13217.0945,0.3626647636254002
299,63,male,36.765,0,no,northeast,13981.85035,0.38559530856902796
300,49,female,41.47,4,no,southeast,10977.2063,0.29550364672933277
301,34,female,29.26,3,no,southeast,6184.2994,0.15179246481281197
302,33,male,35.75,2,no,southeast,4889.9995,0.11298399799626799
303,46,male,33.345,1,no,northeast,8334.45755,0.2162631035068245
304,36,female,29.92,1,no,southeast,5478.0368,0.13061578954932312
305,19,male,27.835,0,no,northwest,1635.73365,0.015407641657263965
306,57,female,23.18,0,no,northwest,11830.6072,0.32109213708528406
307,50,female,25.6,0,no,southwest,8932.084,0.2341824174567939
308,30,female,27.7,0,no,southwest,3554.203,0.07293129139874327
309,33,male,35.245,0,no,northeast,12404.8791,0.33831118498509744
310,18,female,38.28,0,no,southeast,14133.03775,0.3901285324346711
311,46,male,27.6,0,no,southwest,24603.04837,0.704062775738818
312,46,male,43.89,3,no,southeast,8944.1151,0.23454315961950023
313,47,male,29.83,3,no,northwest,9620.3307,0.25481890148846686
314,23,male,41.91,0,no,southeast,1837.2819,0.021450892199165038
315,18,female,20.79,0,no,southeast,1607.5101,0.014561382839180098
316,48,female,32.3,2,no,northeast,10043.249,0.26749974215890127
317,35,male,30.5,1,no,southwest,4751.07,0.10881831669582978
318,19,female,21.7,0,yes,southwest,13844.506,0.3814771566249423
319,21,female,26.4,1,no,southwest,2597.779,0.044253742195080145
320,21,female,21.89,2,no,southeast,3180.5101,0.06172643191507331
321,49,female,30.78,1,no,northeast,9778.3472,0.2595568900309341
322,56,female,32.3,3,no,northeast,13430.265,0.36905649731518575
323,42,female,24.985,2,no,northwest,8017.06115,0.20674624604813932
324,44,male,32.015,2,no,northwest,8116.26885,0.20972090341572133
325,18,male,30.4,3,no,northeast,3481.868,0.07076238877642621
326,61,female,21.09,0,no,northwest,13415.0381,0.3685999318442552
327,57,female,22.23,0,no,northeast,12029.2867,0.3270493706312942
328,42,female,33.155,1,no,northeast,7639.41745,0.1954229252320542
329,20,male,33.33,0,no,southeast,1391.5287,0.008085366735886952
330,23,female,28.31,0,yes,northwest,18033.9679,0.5070945603853267
331,39,female,24.89,3,yes,northeast,21659.9301,0.6158159113772745
332,64,female,30.115,3,no,northwest,16455.70785,0.45977179324434037
333,62,male,31.46,1,no,southeast,27000.98473,0.7759628304751618
334,27,female,17.955,2,yes,northeast,15006.57945,0.41632092731727705
335,55,male,33.0,0,no,southeast,20781.48892,0.5894766098102144
336,35,female,43.34,2,no,southeast,5846.9176,0.1416763623625175
337,44,male,22.135,2,no,northeast,8302.53565,0.2153059528519639
338,19,male,34.4,0,no,southwest,1261.859,0.004197332556512279
339,58,female,39.05,0,no,southeast,11856.4115,0.3218658567775085
340,50,male,25.365,2,no,northwest,30284.64294,0.8744204913925868
341,26,female,22.61,0,no,northwest,3176.8159,0.06161566451246926
342,24,female,30.21,3,no,northwest,4618.0799,0.1048307231846359
343,48,male,35.625,4,no,northeast,10736.87075,0.28829739243153757
344,19,female,37.43,0,no,northwest,2138.0707,0.03046978508758147
345,48,male,31.445,1,no,northeast,8964.06055,0.23514120674479627
346,49,male,31.35,1,no,northeast,9290.1395,0.24491840298088385
347,46,female,32.3,2,no,northeast,9411.005,0.24854245081246829
348,46,male,19.855,0,no,northwest,7526.70645,0.19204338305380053
349,43,female,34.4,3,no,southwest,8522.003,0.22188649216112238
350,21,male,31.02,0,no,southeast,16586.49771,0.4636934144557385
351,64,male,25.6,2,no,southwest,14988.432,0.4157767916721071
352,18,female,38.17,0,no,southeast,1631.6683,0.015285745641840771
353,51,female,20.6,0,no,southwest,9264.797,0.2441585299635884
354,47,male,47.52,1,no,southeast,8083.9198,0.20875094503631347
355,64,female,32.965,0,no,northwest,14692.66935,0.40690860355890546
356,49,male,32.3,3,no,northwest,10269.46,0.2742824840002915
357,31,male,20.4,0,no,southwest,3260.199,0.06411583488983742
358,52,female,38.38,2,no,northeast,11396.9002,0.3080878065451961
359,33,female,24.31,0,no,southeast,4185.0979,0.09184813114459878
360,47,female,23.6,1,no,southwest,8539.671,0.22241625191132763
361,38,male,21.12,3,no,southeast,6652.5288,0.1658319197586327
362,32,male,30.03,1,no,southeast,4074.4537,0.08853056018276603
363,19,male,17.48,0,no,northwest,1621.3402,0.014976066466150545
364,44,female,20.235,1,yes,northeast,19594.80965,0.5538950548153669
365,26,female,17.195,2,yes,northeast,14455.64405,0.3998016042539288
366,25,male,23.9,5,no,southwest,5080.096,0.11868387768581376
367,19,female,35.15,0,no,northwest,2134.9015,0.030374759357428047
368,43,female,35.64,1,no,southeast,7345.7266,0.1866168582559634
369,52,male,34.1,0,no,southeast,9140.951,0.24044511440869126
370,36,female,22.6,2,yes,southwest,18608.262,0.5243142739330038
371,64,male,39.16,1,no,southeast,14418.2804,0.3986812874161001
372,63,female,26.98,0,yes,northwest,28950.4692,0.834416441854845
373,25,male,30.59,0,no,northeast,2727.3951,0.048140169224657955
374,48,male,30.2,2,no,southwest,8968.33,0.23526922252278554
375,45,male,24.31,5,no,southeast,9788.8659,0.2598722841833273
376,38,female,27.265,1,no,northeast,6555.07035,0.16290971214444933
377,18,female,29.165,0,no,northeast,7323.734819,0.18595745365956717
378,21,female,16.815,1,no,northeast,3167.45585,0.06133501148157108
379,27,female,30.4,3,no,northwest,18804.7524,0.5302058692025156
380,19,male,33.1,0,no,southwest,23082.95533,0.6584840962527889
381,29,female,20.235,2,no,northwest,4906.40965,0.11347604219848842
382,42,male,26.9,0,no,southwest,5969.723,0.14535857642341052
383,60,female,30.5,0,no,southwest,12638.195,0.34530696112857245
384,31,male,28.595,1,no,northwest,4243.59005,0.09360196784218588
385,60,male,33.11,3,no,southeast,13919.8229,0.38373546894836513
386,22,male,31.73,0,no,northeast,2254.7967,0.03396971357990994
387,35,male,28.9,3,no,southwest,5926.846,0.14407294653833289
388,52,female,46.75,5,no,southeast,12592.5345,0.3439378703953685
389,26,male,29.45,0,no,northeast,2897.3235,0.05323532582058167
390,31,female,32.68,1,no,northwest,4738.2682,0.10843446575796598
391,18,male,43.01,0,no,southeast,1149.3959,0.000825223446069126
392,59,female,36.52,1,no,southeast,28287.89766,0.8145498053638149
393,56,male,26.695,1,yes,northwest,26109.32905,0.7492273035164847
394,45,female,33.1,0,no,southwest,7345.084,0.18659759044888385
395,60,male,29.64,0,no,northeast,12730.9996,0.34808962706211893
396,56,female,25.65,0,no,northwest,11454.0215,0.30980053948720426
397,40,female,29.6,0,no,southwest,5910.944,0.14359613877583777
398,35,male,38.6,1,no,southwest,4762.329,0.10915590810558531
399,39,male,29.6,4,no,southwest,7512.267,0.19161042859233907
400,30,male,24.13,1,no,northwest,4032.2407,0.08726483976532122
401,24,male,23.4,0,no,southwest,1969.614,0.025418756147554115
402,20,male,29.735,0,no,northwest,1769.53165,0.019419459353548996
403,32,male,46.53,2,no,southeast,4686.3887,0.10687890367053254
404,59,male,37.4,0,no,southwest,21797.0004,0.619925846168341
405,55,female,30.14,2,no,southeast,11881.9696,0.3226321943749571
406,57,female,30.495,0,no,northwest,11840.77505,0.32139701130285964
407,56,male,39.6,0,no,southwest,10601.412,0.2842357785780671
408,40,female,33.0,3,no,southeast,7682.67,0.19671981566015817
409,49,female,36.63,3,no,southeast,10381.4787,0.27764126815980694
410,42,male,30.0,0,yes,southwest,22144.032,0.6303312895535194
411,62,female,38.095,2,no,northeast,15230.32405,0.42302971628070113
412,56,male,25.935,0,no,northeast,11165.41765,0.3011470018211256
413,19,male,25.175,0,no,northwest,1632.03625,0.01529677830541832
414,30,female,28.38,1,yes,southeast,19521.9682,0.5517109667263591
415,60,female,28.7,1,no,southwest,13224.693,0.36289259809800234
416,56,female,33.82,2,no,northwest,12643.3778,0.3454623629190051
417,28,female,24.32,1,no,northeast,23288.9284,0.6646600212082006
418,18,female,24.09,1,no,southeast,2201.0971,0.032359577362900516
419,27,male,32.67,0,no,southeast,2497.0383,0.0412331191439423
420,18,female,30.115,0,no,northeast,2203.47185,0.03243078219461887
421,19,female,29.8,0,no,southwest,1744.465,0.01866785746072113
422,47,female,33.345,0,no,northeast,20878.78443,0.592393931808952
423,54,male,25.1,3,yes,southwest,25382.297,0.7274278741979867
424,61,male,28.31,1,yes,northwest,28868.6639,0.8319635804504151
425,25,male,35.625,0,no,northwest,2534.39375,0.04235319011183937
426,21,male,36.85,0,no,southeast,1534.3045,0.012366376026319188
427,23,male,32.56,0,no,southeast,1824.2854,0.0210612033496324
428,63,male,41.325,3,no,northwest,15555.18875,0.43277050427722075
429,49,male,37.51,2,no,southeast,9304.7019,0.24535504399211255
430,18,female,31.35,0,no,southeast,1622.1885,0.015001502010416959
431,51,female,39.5,1,no,southwest,9880.068,0.26260690053572683
432,48,male,34.3,3,no,southwest,9563.029,0.2531007594079633
433,31,female,31.065,0,no,northeast,4347.02335,0.0967033261833058
434,54,female,21.47,3,no,northwest,12475.3513,0.34042423315514586
435,19,male,28.7,0,no,southwest,1253.936,0.0039597682311287435
436,53,male,31.16,1,no,northwest,10461.9794,0.28005501225780044
437,19,female,32.9,0,no,southwest,1748.774,0.018797059111368315
438,61,female,25.08,0,no,southeast,24513.09126,0.7013654893383885
439,18,female,25.08,0,no,northeast,2196.4732,0.03222093370719675
440,61,male,43.4,0,no,southwest,12574.049,0.3433835986123473
441,21,male,25.7,4,yes,southwest,17942.106,0.5043401604986741
442,20,male,27.93,0,no,northeast,1967.0227,0.025341058250751593
443,31,female,23.6,2,no,southwest,4931.647,0.11423276238367311
444,45,male,28.7,2,no,southwest,8027.968,0.20707327854369775
445,44,female,23.98,2,no,southeast,8211.1002,0.21256433970096178
446,62,female,39.2,0,no,southwest,13470.86,0.37027370339734467
447,43,male,26.03,0,no,northeast,6837.3687,0.1713741848283614
448,51,male,23.21,1,yes,southeast,22218.1149,0.6325526014506488
449,19,male,30.25,0,yes,southeast,32548.3405,0.9422955114246145
450,38,female,28.93,1,no,southeast,5974.3847,0.14549835347953072
451,37,male,30.875,3,no,northwest,6796.86325,0.17015966382576053
452,22,male,31.35,1,no,northwest,2643.2685,0.0456177056406859
453,21,male,23.75,2,no,northwest,3077.0955,0.05862563427733404
454,24,female,25.27,0,no,northeast,3044.2133,0.05763968985475086
455,57,female,28.7,0,no,southwest,11455.28,0.3098382745248788
456,56,male,32.11,1,no,northeast,11763.0009,0.3190650204563333
457,27,male,33.66,0,no,southeast,2498.4144,0.041274380316245765
458,51,male,22.42,0,no,northeast,9361.3268,0.24705289280801696
459,19,male,30.4,0,no,southwest,1256.299,0.00403062074922559
460,39,male,28.3,1,yes,southwest,21082.16,0.5984919729659053
461,58,male,35.7,0,no,southwest,11362.755,0.30706399215631736
462,20,male,35.31,1,no,southeast,27724.28875,0.797650478027667
463,45,male,30.495,2,no,northwest,8413.46305,0.21863201532167864
464,35,female,31.0,1,no,southwest,5240.765,0.12350139915432917
465,31,male,30.875,0,no,northeast,3857.75925,0.08203316388987113
466,50,female,27.36,0,no,northeast,25656.57526,0.735651871396557
467,32,female,44.22,0,no,southeast,3994.1778,0.08612355651899521
468,51,female,33.915,0,no,northeast,9866.30485,0.2621942243467956
469,38,female,37.73,0,no,southeast,5397.6167,0.12820446217285253
470,18,female,33.88,0,no,southeast,11482.63485,0.310658486122281
471,19,female,30.59,2,no,northwest,24059.68019,0.6877703492442351
472,51,female,25.8,1,no,southwest,9861.025,0.2620359125957699
473,46,male,39.425,1,no,northeast,8342.90875,0.21651650545390033
474,18,male,25.46,0,no,northeast,1708.0014,0.017574527846300446
475,62,female,31.73,0,no,northeast,14043.4767,0.3874431215519384
476,59,male,29.7,2,no,southeast,12925.886,0.3539331277742767
477,37,male,36.19,0,no,southeast,19214.70553,0.5424979604264608
478,64,male,40.48,0,no,southeast,13831.1152,0.3810756450297958
479,38,male,28.025,1,no,northeast,6067.12675,0.14827914390524524
480,33,female,38.9,3,no,southwest,5972.378,0.1454381843098037
481,46,female,30.2,2,no,southwest,8825.086,0.2309741746589411
482,46,female,28.05,1,no,southeast,8233.0975,0.21322390977981562
483,53,male,31.35,0,no,southeast,27346.04207,0.7863090773760499
484,34,female,38.0,3,no,southwest,6196.448,0.1521567301117334
485,20,female,31.79,2,no,southeast,3056.3881,0.05800474073808792
486,63,female,36.3,0,no,southeast,13887.204,0.38275741934931773
487,54,male,30.21,0,no,northwest,10231.4999,0.27314428312335204
488,49,male,25.84,2,yes,northwest,23807.2406,0.6802011657407079
489,28,male,35.435,0,no,northeast,3268.84665,0.06437512722082353
490,54,female,46.7,2,no,southwest,11538.421,0.3123311857424368
491,25,female,28.595,0,no,northeast,3213.62205,0.06271926519336225
492,63,male,30.8,0,no,southwest,13390.559,0.36786594713170995
493,32,female,28.93,0,no,southeast,3972.9247,0.08548630063564183
494,62,male,21.4,0,no,southwest,12957.118,0.3548695923723303
495,52,female,31.73,2,no,northwest,11187.6567,0.30181382056534123
496,25,female,41.325,0,no,northeast,17878.90068,0.5024450034613839
497,28,male,23.8,2,no,southwest,3847.674,0.08173076636209448
498,46,male,33.44,1,no,northeast,8334.5896,0.21626706291224757
499,34,male,34.21,0,no,southeast,3935.1799,0.08435455534361401
500,19,male,35.53,0,no,northwest,1646.4297,0.015728353496531733
501,46,female,19.95,2,no,northwest,9193.8385,0.24203090050722992
502,54,female,32.68,0,no,northeast,10923.9332,0.2939062987471808
503,27,male,30.5,0,no,southwest,2494.022,0.041142677988489265
504,50,male,44.77,1,no,southeast,9058.7303,0.2379797975933357
505,18,female,32.12,2,no,southeast,2801.2588,0.05035490859873745
506,19,female,30.495,0,no,northwest,2128.43105,0.03018074849169816
507,38,female,40.565,1,no,northwest,6373.55735,0.15746720130343686
508,41,male,30.59,2,no,northwest,7256.7231,0.1839481650293733
509,49,female,31.9,5,no,southwest,11552.904,0.31276544601310824
510,31,female,29.1,0,no,southwest,3761.292,0.07914067655327452
511,18,female,37.29,1,no,southeast,2219.4451,0.032909726326946595
512,30,female,43.12,2,no,southeast,4753.6368,0.10889527998125129
513,62,female,36.86,1,no,northeast,31620.00106,0.9144600535436946
514,57,female,34.295,2,no,northeast,13224.05705,0.36287352968544045
515,58,female,27.17,0,no,northwest,12222.8983,0.33285464756432803
516,22,male,26.84,0,no,southeast,1664.9996,0.016285155940800294
517,52,male,30.2,1,no,southwest,9724.53,0.2579432276792957
518,25,female,23.465,0,no,northeast,3206.49135,0.06250545730051707
519,59,male,25.46,1,no,northeast,12913.9924,0.35357650843054556
520,39,male,45.43,2,no,southeast,6356.2707,0.15694887600425836
521,32,female,23.65,1,no,southeast,17626.23951,0.49486917607255826
522,19,male,20.7,0,no,southwest,1242.816,0.003626344616555366
523,33,female,28.27,1,no,southeast,4779.6023,0.10967383311652151
524,21,male,20.235,3,no,northeast,3861.20965,0.08213662115963047
525,61,female,35.91,0,no,northeast,13635.6379,0.37521442669049315
526,38,female,30.69,1,no,southeast,5976.8311,0.14557170667473687
527,58,female,29.0,0,no,southwest,11842.442,0.3214469933617007
528,47,male,19.57,1,no,northwest,8428.0693,0.21906997113735865
529,20,male,31.13,2,no,southeast,2566.4707,0.04331498980729706
530,21,female,21.85,1,yes,northeast,15359.1045,0.4268910870653582
531,41,male,40.26,0,no,southeast,5709.1644,0.1375459514036101
532,46,female,33.725,1,no,northeast,8823.98575,0.2309411846111053
533,42,female,29.48,2,no,southeast,7640.3092,0.19544966358711677
534,34,female,33.25,1,no,northeast,5594.8455,0.13411819772986433
535,43,male,32.6,2,no,southwest,7441.501,0.1894885710825459
536,52,female,37.525,2,no,northwest,33471.97189,0.9699898024846181
537,18,female,39.16,0,no,southeast,1633.0444,0.015327006814144228
538,51,male,31.635,0,no,northwest,9174.13565,0.24144012753381294
539,56,female,25.3,0,no,southwest,11070.535,0.29830202734960565
540,64,female,39.05,3,no,southeast,16085.1275,0.4486602608894061
541,19,female,28.31,0,yes,northwest,17468.9839,0.49015400216085486
542,51,female,34.1,0,no,southeast,9283.562,0.2447211823131809
543,27,female,25.175,0,no,northeast,3558.62025,0.07306373883232908
544,59,female,23.655,0,yes,northwest,25678.77845,0.7363176149095838
545,28,male,26.98,2,no,northeast,4435.0942,0.09934405470358906
546,47,female,29.37,1,no,southeast,8547.6913,0.22265673369333866
547,38,female,34.8,2,no,southwest,6571.544,0.16340366033943285
548,18,female,33.155,0,no,northeast,2207.69745,0.032557483168156764
549,34,female,19.0,3,no,northeast,6753.038,0.16884560148182326
550,20,female,33.0,0,no,southeast,1880.07,0.022733856494374337
551,56,female,28.595,0,no,northeast,11658.11505,0.31592010865555975
552,49,male,25.6,2,yes,southwest,23306.547,0.6651882997419885
553,19,female,33.11,0,yes,southeast,34439.8559,0.9990109702096164
554,55,female,37.1,0,no,southwest,10713.644,0.2876009583542181
555,30,male,31.4,1,no,southwest,3659.346,0.07608391362060382
556,49,female,21.3,1,no,southwest,9182.17,0.24168103059296292
557,59,male,28.785,0,no,northwest,12129.61415,0.33005760273740303
558,29,female,26.03,0,no,northwest,3736.4647,0.07839625136387723
559,36,male,28.88,3,no,northeast,6748.5912,0.16871226801695952
560,33,male,42.46,1,no,southeast,11326.71487,0.30598335992481607
561,58,male,38.0,0,no,southwest,11365.952,0.3071598514455072
562,53,male,36.1,1,no,southwest,10085.846,0.26877697648533855
563,24,male,29.3,0,no,southwest,1977.815,0.025664656063301983
564,29,female,35.53,0,no,southeast,3366.6697,0.06730826705172216
565,40,male,22.705,2,no,northeast,7173.35995,0.18144859283555828
566,51,male,39.7,1,no,southwest,9391.346,0.24795299264350262
567,64,male,38.19,0,no,northeast,14410.9321,0.39846095497482587
568,19,female,24.51,1,no,northwest,2709.1119,0.047591963232754345
569,35,female,38.095,2,no,northeast,24915.04626,0.7134177635286623
570,39,male,26.41,0,yes,northeast,20149.3229,0.5705216566268627
571,56,male,33.66,4,no,southeast,12949.1554,0.3546308406750819
572,33,male,42.4,5,no,southwest,6666.243,0.16624312822400883
573,42,male,28.31,3,yes,northwest,32787.45859,0.9494652612337589
574,61,male,33.915,0,no,northeast,13143.86485,0.3604690356940204
575,23,female,34.96,3,no,northwest,4466.6214,0.10028937061918064
576,43,male,35.31,2,no,southeast,18806.14547,0.5302476392056408
577,48,male,30.78,3,no,northeast,10141.1362,0.2704348054722527
578,39,male,26.22,1,no,northwest,6123.5688,0.14997151012151608
579,40,female,23.37,3,no,northeast,8252.2843,0.2137992094388171
580,18,male,28.5,0,no,northeast,1712.227,0.017701228819838336
581,58,female,32.965,0,no,northeast,12430.95335,0.3390929988953753
582,49,female,42.68,2,no,southeast,9800.8882,0.26023276248561916
583,53,female,39.6,1,no,southeast,10579.711,0.28358509279930294
584,48,female,31.13,0,no,southeast,8280.6227,0.21464891193515043
585,45,female,36.3,2,no,southeast,8527.532,0.22205227446013098
586,59,female,35.2,0,no,southeast,12244.531,0.3335032854264667
587,52,female,25.3,2,yes,southeast,24667.419,0.7059928735919625
588,26,female,42.4,1,no,southwest,3410.324,0.0686172036072681
589,27,male,33.155,2,no,northwest,4058.71245,0.08805857237045459
590,48,female,35.91,1,no,northeast,26392.26029,0.7577107528614964
591,57,female,28.785,4,no,northeast,14394.39815,0.3979651987363209
592,37,male,46.53,3,no,southeast,6435.6237,0.15932820730706784
593,57,female,23.98,1,no,southeast,22192.43711,0.6317826750517228
594,32,female,31.54,1,no,northeast,5148.5526,0.12073648982730698
595,18,male,33.66,0,no,southeast,1136.3994,0.00043553459653648124
596,64,female,22.99,0,yes,southeast,27037.9141,0.7770701258015393
597,49,male,28.7,1,no,southwest,8703.456,0.22732720395385475
598,40,female,29.81,1,no,southeast,6500.2359,0.16126554842842922
599,30,male,31.57,3,no,southeast,4837.5823,0.11141231343783131
600,29,female,31.16,0,no,northeast,3943.5954,0.08460688685696313
601,36,male,29.7,0,no,southeast,4399.731,0.0982837196346249
602,41,female,31.02,0,no,southeast,6185.3208,0.1518230906113664
603,45,male,21.375,0,no,northwest,7222.78625,0.18293059783564716
604,55,female,40.81,3,no,southeast,12485.8009,0.34073755540360323
605,56,male,36.1,3,no,southwest,12363.547,0.33707187759481794
606,49,female,23.18,2,no,northwest,10156.7832,0.2709039672795575
607,21,female,17.4,1,no,southwest,2585.269,0.04387864062868509
608,19,male,20.3,0,no,southwest,1242.26,0.003609673435826695
609,53,male,24.32,0,no,northwest,9863.4718,0.2621092777846313
610,33,female,18.5,1,no,southwest,4766.022,0.10926663952722376
611,53,male,26.41,2,no,northeast,11244.3769,0.30351452686959707
612,42,male,26.125,2,no,northeast,7729.64575,0.19812834303086818
613,40,male,41.69,0,no,southeast,5438.7491,0.12943778173077325
614,47,female,24.1,1,no,southwest,26236.57997,0.7530428126625448
615,21,male,27.36,0,no,northeast,2104.1134,0.0294516047182332
616,47,male,36.2,1,no,southwest,8068.185,0.20827915062169217
617,20,male,32.395,1,no,northwest,2362.22905,0.03719097998810354
618,24,male,23.655,0,no,northwest,2352.96845,0.0369133088797296
619,27,female,34.8,1,no,southwest,3577.999,0.07364479394661991
620,26,female,40.185,0,no,northwest,3201.24515,0.062348154515735166
621,53,female,32.3,2,no,northeast,29186.48236,0.8414930930143851
622,56,male,33.725,0,no,northwest,10976.24575,0.2954748454655757
623,23,female,39.27,2,no,southeast,3500.6123,0.07132442045436216
624,21,female,34.87,0,no,southeast,2020.5523,0.026946097164300825
625,50,female,44.745,0,no,northeast,9541.69555,0.2524610942991215
626,53,male,41.47,0,no,southeast,9504.3103,0.251340129803912
627,34,female,26.41,1,no,northwest,5385.3379,0.12783629293916338
628,47,female,29.545,1,no,northwest,8930.93455,0.2341479521893684
629,33,female,32.9,2,no,southwest,5375.038,0.12752745931616474
630,49,male,28.69,3,no,northwest,10264.4421,0.2741320265942153
631,31,female,30.495,3,no,northeast,6113.23105,0.14966154159889414
632,36,female,27.74,0,no,northeast,5469.0066,0.13034502678634466
633,18,male,35.2,1,no,southeast,1727.54,0.018160375925050758
634,50,female,23.54,2,no,southeast,10107.2206,0.26941787544145906
635,43,female,30.685,2,no,northwest,8310.83915,0.2155549261418569
636,20,male,40.47,0,no,northeast,1984.4533,0.025863699766595367
637,24,female,22.6,0,no,southwest,2457.502,0.04004765726868531
638,60,male,28.9,0,no,southwest,12146.971,0.3305780329230692
639,49,female,22.61,1,no,northwest,9566.9909,0.2532195535643103
640,60,male,24.32,1,no,northwest,13112.6048,0.35953173004089584
641,51,female,36.67,2,no,northwest,10848.1343,0.2916335340692414
642,58,female,33.44,0,no,northwest,12231.6136,0.33311596832224993
643,51,female,40.66,0,no,northeast,9875.6804,0.26247534213183277
644,53,male,36.6,3,no,southwest,11264.541,0.30411913002666713
645,62,male,37.4,0,no,southwest,12979.358,0.3555364396014771
646,19,male,35.4,0,no,southwest,1263.249,0.004239010508333953
647,50,female,27.075,1,no,northeast,10106.13425,0.26938530217314144
648,41,male,28.405,1,no,northwest,6664.68595,0.16619644142193404
649,29,female,21.755,1,yes,northeast,16657.71745,0.4658288769683083
650,18,female,40.28,0,no,northeast,2217.6012,0.03285443857488618
651,41,female,36.08,1,no,southeast,6781.3542,0.16969463833029294
652,35,male,24.42,3,yes,southeast,19361.9988,0.5469144221607893
653,53,male,21.4,1,no,southwest,10065.413,0.26816431059355994
654,24,female,30.1,3,no,southwest,4234.927,0.09334221375547455
655,48,female,27.265,1,no,northeast,9447.25035,0.24962923638877027
656,59,female,32.1,3,no,southwest,14007.222,0.38635605562394615
657,49,female,34.77,1,no,northwest,9583.8933,0.2537263574584618
658,26,male,23.7,2,no,southwest,3484.331,0.07083623970832317
659,45,male,24.035,2,no,northeast,8604.48365,0.2243596033531513
660,27,male,29.15,0,yes,southeast,18246.4955,0.5134670172727915
661,31,female,26.62,0,no,southeast,3757.8448,0.07903731523275677
662,50,male,26.41,0,no,northwest,8827.2099,0.23103785796964188
663,50,female,30.115,1,no,northwest,9910.35985,0.26351517554643866
664,34,male,27.0,2,no,southwest,11737.84884,0.31831085761827876
665,19,male,21.755,0,no,northwest,1627.28245,0.015154239710188193
666,47,female,36.0,1,no,southwest,8556.907,0.22293305851391632
667,28,male,30.875,0,no,northwest,3062.50825,0.058188248160275985
668,37,female,26.4,0,yes,southeast,19539.243,0.5522289367135023
669,21,male,28.975,0,no,northwest,1906.35825,0.023522087010184482
670,64,male,37.905,0,no,northwest,14210.53595,0.39245224915831595
671,58,female,22.77,0,no,southeast,11833.7823,0.3211873397218517
672,24,male,33.63,4,no,northeast,17128.42608,0.4799426694885858
673,31,male,27.645,2,no,northeast,5031.26955,0.11721985867090493
674,39,female,22.8,3,no,northeast,7985.815,0.205809357174533
675,47,female,27.83,0,yes,southeast,23065.4207,0.6579583354870688
676,30,male,37.43,3,no,northeast,5428.7277,0.12913729869020799
677,22,female,34.58,2,no,northeast,3925.7582,0.08407205379060807
678,23,male,35.2,1,no,southwest,2416.955,0.03883189042515052
679,33,male,27.1,1,yes,southwest,19040.876,0.5372858318102565
680,27,male,26.03,0,no,northeast,3070.8087,0.05843712999854807
681,45,female,25.175,2,no,northeast,9095.06825,0.23906935970081655
682,57,female,31.825,0,no,northwest,11842.62375,0.32145244297878245
683,47,male,32.3,1,no,southwest,8062.764,0.20811660660958764
684,42,female,29.0,1,no,southwest,7050.642,0.17776900088753347
685,64,female,39.7,0,no,southwest,14319.031,0.3957053797099635
686,38,female,19.475,2,no,northwest,6933.24225,0.17424887058222668
687,61,male,36.1,3,no,southwest,27941.28758,0.8041570008924868
688,53,female,26.7,2,no,southwest,11150.78,0.30070810450351226
689,44,female,36.48,0,no,northeast,12797.20962,0.3500748774388614
690,19,female,28.88,0,yes,northwest,17748.5062,0.49853523737846867
691,41,male,34.2,2,no,northwest,7261.741,0.18409862243544953
692,51,male,33.33,3,no,southeast,10560.4917,0.2830088186558164
693,40,male,32.3,2,no,northwest,6986.697,0.1758516651830465
694,45,male,39.805,0,no,northeast,7448.40395,0.1896955500879613
695,35,male,34.32,3,no,southeast,5934.3798,0.14429884103720636
696,53,male,28.88,0,no,northwest,9869.8102,0.2622993292449381
697,30,male,24.4,3,yes,southwest,18259.216,0.5138484305002358
698,18,male,41.14,0,no,southeast,1146.7966,0.0007472856761625915
699,51,male,35.97,1,no,southeast,9386.1613,0.2477975338832078
700,50,female,27.6,1,yes,southwest,24520.264,0.7015805577643952
701,31,female,29.26,1,no,southeast,4350.5144,0.09680800230827488
702,35,female,27.7,3,no,southwest,6414.178,0.15868517647873542
703,60,male,36.955,0,no,northeast,12741.16745,0.3483945012796945
704,21,male,36.86,0,no,northwest,1917.3184,0.023850717660298372
705,29,male,22.515,3,no,northeast,5209.57885,0.12256630932900292
706,62,female,29.92,0,no,southeast,13457.9608,0.3698869320044395
707,39,female,41.8,0,no,southeast,5662.225,0.13613851395631643
708,19,male,27.6,0,no,southwest,1252.407,0.003913922484124907
709,22,female,23.18,0,no,northeast,2731.9122,0.0482756105744232
710,53,male,20.9,0,yes,southeast,21195.818,0.6018999101228462
711,39,female,31.92,2,no,northwest,7209.4918,0.18253197521219705
712,27,male,28.5,0,yes,northwest,18310.742,0.5153933931948858
713,30,male,44.22,2,no,southeast,4266.1658,0.09427888224566655
714,30,female,22.895,1,no,northeast,4719.52405,0.10787243857765072
715,58,female,33.1,0,no,southwest,11848.141,0.32161787296416955
716,33,male,24.795,0,yes,northeast,17904.52705,0.5032133880759337
717,42,female,26.18,1,no,southeast,7046.7222,0.17765146906339635
718,64,female,35.97,0,no,southeast,14313.8463,0.3955499209496686
719,21,male,22.3,1,no,southwest,2103.08,0.02942061911002275
720,23,male,26.51,0,no,southeast,1815.8759,0.02080905174111128
721,45,female,35.815,0,no,northwest,7731.85785,0.19819467094254067
722,40,female,41.42,1,no,northwest,28476.73499,0.8202119299263138
723,19,female,36.575,0,no,northwest,2136.88225,0.03043415043877394
724,18,male,30.14,0,no,southeast,1131.5066,0.000288828206124192
725,25,male,25.84,1,no,northeast,3309.7926,0.06560285623621391
726,46,female,30.8,3,no,southwest,9414.92,0.24865983871274305
727,33,female,42.94,3,no,northwest,6360.9936,0.15709048808962423
728,54,male,21.01,2,no,southeast,11013.7119,0.2965982356775495
729,28,male,22.515,2,no,northeast,4428.88785,0.09915796264870533
730,36,male,34.43,2,no,southeast,5584.3057,0.13380217091215924
731,20,female,31.46,0,no,southeast,1877.9294,0.02266967244856896
732,24,female,24.225,0,no,northwest,2842.76075,0.0515993087948565
733,23,male,37.1,3,no,southwest,3597.596,0.0742323930990295
734,47,female,26.125,1,yes,northeast,23401.30575,0.6680295591788101
735,45,male,33.7,1,no,southwest,7445.918,0.1896210110200972
736,26,male,17.67,0,no,northwest,2680.9493,0.04674753194788166
737,18,female,31.13,0,no,southeast,1621.8827,0.0149923328610162
738,44,female,29.81,2,no,southeast,8219.2039,0.21280732216008214
739,60,male,24.32,0,no,northwest,12523.6048,0.3418710727581869
740,64,female,31.825,2,no,northeast,16069.08475,0.44817923285948724
741,36,male,28.025,1,yes,northeast,20773.62775,0.5892408994040834
742,39,male,21.85,1,no,northwest,6117.4945,0.14978937747205537
743,63,male,33.1,0,no,southwest,13393.756,0.3679618064208998
744,36,female,25.84,0,no,northwest,5266.3656,0.12426901107764277
745,28,female,23.845,2,no,northwest,4719.73655,0.10787881020697596
746,58,male,34.39,0,no,northwest,11743.9341,0.318493318893892
747,36,male,33.82,1,no,northwest,5377.4578,0.1276000149333001
748,42,male,35.97,2,no,southeast,7160.3303,0.18105791001185087
749,36,male,31.5,0,no,southwest,4402.233,0.09835873994790392
750,56,female,28.31,0,no,northeast,11657.7189,0.31590823043929056
751,35,female,23.465,2,no,northeast,6402.29135,0.15832876552476344
752,59,female,31.35,0,no,northwest,12622.1795,0.3448267501664142
753,21,male,31.1,0,no,southwest,1526.312,0.012126727803344568
754,59,male,24.7,0,no,northeast,12323.936,0.33588417590445224
755,57,female,29.81,0,yes,southeast,27533.9129,0.7919422222691705
756,53,male,30.495,0,no,northeast,10072.05505,0.2683634667373709
757,51,female,34.2,1,no,southwest,9872.701,0.262386007391072
758,23,male,50.38,1,no,southeast,2438.0552,0.0394645617338035
759,27,female,24.1,0,no,southwest,2974.126,0.055538182579419115
760,55,male,32.775,0,no,northwest,10601.63225,0.28424238258446183
761,61,male,32.3,2,no,northwest,14119.62,0.3897262127670055
762,53,female,23.75,2,no,northeast,11729.6795,0.31806590700034
763,49,female,23.845,3,yes,northeast,24106.91255,0.6891865708445977
764,20,female,29.6,0,no,southwest,1875.344,0.02259215145818065
765,25,male,24.13,0,yes,northwest,15817.9857,0.44065024429231614
766,25,female,32.23,1,no,southeast,18218.16139,0.5126174434084101
767,57,male,28.1,0,no,southwest,10965.446,0.2951510242711972
768,38,female,28.0,3,no,southwest,7151.092,0.18078090754975434
769,55,female,33.535,2,no,northwest,12269.68865,0.3342576158758526
770,36,female,19.855,0,no,northeast,5458.04645,0.13001639613623076
771,51,male,25.4,0,no,southwest,8782.469,0.2296963406497438
772,40,male,29.9,2,no,southwest,6600.361,0.16426771324421352
773,18,male,37.29,0,no,southeast,1141.4451,0.0005868255616491569
774,57,male,43.7,1,no,southwest,11576.13,0.31346185760232415
775,61,male,23.655,0,no,northeast,13129.60345,0.36004141990833
776,25,female,24.3,3,no,southwest,4391.652,0.0980414777837132
777,50,male,36.2,0,no,southwest,8457.818,0.21996196026351506
778,26,female,29.48,1,no,southeast,3392.3652,0.0680787244697321
779,42,male,24.86,0,no,southeast,5966.8874,0.1452735534016943
780,43,male,30.1,1,no,southwest,6849.026,0.1717237189202828
781,44,male,21.85,3,no,northeast,8891.1395,0.2329547319184036
782,23,female,28.12,0,no,northwest,2690.1138,0.04702232158059369
783,49,female,27.1,1,no,southwest,26140.3603,0.7501577487988347
784,33,male,33.44,5,no,southeast,6653.7886,0.1658696937756866
785,41,male,28.8,1,no,southwest,6282.235,0.15472897935844263
786,37,female,29.5,2,no,southwest,6311.952,0.15562001798742442
787,22,male,34.8,3,no,southwest,3443.064,0.0695988842854275
788,23,male,27.36,1,no,northwest,2789.0574,0.049989060137329566
789,21,female,22.135,0,no,northeast,2585.85065,0.043896080902553494
790,25,male,26.695,4,no,northwest,4877.98105,0.11262363513290743
791,32,male,28.93,1,yes,southeast,19719.6947,0.557639625388854
792,57,male,28.975,0,yes,northeast,27218.43725,0.7824829568435512
793,36,female,30.02,0,no,northwest,5272.1758,0.12444322491625737
794,22,male,39.5,0,no,southwest,1682.597,0.016812798810862666
795,57,male,33.63,1,no,northwest,11945.1327,0.3245260854819409
796,64,female,26.885,0,yes,northwest,29330.98315,0.8458258246430281
797,36,female,29.04,4,no,southeast,7243.8136,0.18356108479984679
798,54,male,24.035,0,no,northeast,10422.91665,0.2788837493710939
799,62,male,32.11,0,no,northeast,13555.0049,0.3727967156910421
800,61,female,44.0,0,no,southwest,13063.883,0.3580708488660288
801,43,female,20.045,2,yes,northeast,19798.05455,0.5599891779450077
802,19,male,25.555,1,no,northwest,2221.56445,0.03297327320981945
803,18,female,40.26,0,no,southeast,1634.5734,0.015372852561148072
804,19,female,22.515,0,no,northwest,2117.33885,0.029848158436161218
805,49,male,22.515,0,no,northeast,8688.85885,0.22688952099383047
806,26,male,27.265,3,no,northeast,4661.28635,0.10612623134397803
807,49,male,36.85,0,no,southeast,8125.7845,0.21000622197849247
808,60,female,35.1,0,no,southwest,12644.589,0.34549867970695214
809,26,female,29.355,2,no,northeast,4564.19145,0.10321492446316496
810,27,male,32.585,3,no,northeast,4846.92015,0.11169230082086584
811,44,female,32.34,1,no,southeast,7633.7206,0.19525211009548202
812,63,male,39.8,3,no,southwest,15170.069,0.42122302054623173
813,32,female,24.6,0,yes,southwest,17496.306,0.4909732317777375
814,22,male,28.31,1,no,northwest,2639.0429,0.04549100466714802
815,18,male,31.73,0,yes,northeast,33732.6867,0.9778071113266156
816,59,female,26.695,3,no,northwest,14382.70905,0.397614711148811
817,44,female,27.5,1,no,southwest,7626.993,0.19505038880866515
818,33,male,24.605,2,no,northwest,5257.50795,0.12400342207767642
819,24,female,33.99,0,no,southeast,2473.3341,0.04052236913993418
820,43,female,26.885,0,yes,northwest,21774.32215,0.619245858390715
821,61,female,28.2,0,no,southwest,13041.921,0.35741233722724636
822,35,female,34.21,1,no,southeast,5245.2269,0.12363518537967672
823,62,female,25.0,0,no,southwest,13451.122,0.3696818764814769
824,62,female,33.2,0,no,southwest,13462.52,0.3700236356864146
825,38,male,31.0,1,no,southwest,5488.262,0.13092238335721304
826,34,male,35.815,0,no,northwest,4320.41085,0.09590537331074875
827,43,male,23.2,0,no,southwest,6250.435,0.15377548377000438
828,50,male,32.11,2,no,northeast,25333.33284,0.7259597260674338
829,19,female,23.4,2,no,southwest,2913.569,0.05372243313448022
830,57,female,20.1,1,no,southwest,12032.326,0.32714050142192125
831,62,female,39.16,0,no,southeast,13470.8044,0.3702720362792718
832,41,male,34.21,1,no,southeast,6289.7549,0.1549544570777979
833,26,male,46.53,1,no,southeast,2927.0647,0.05412709006570307
834,39,female,32.5,1,no,southwest,6238.298,0.15341156628708374
835,46,male,25.8,5,no,southwest,10096.97,0.2691105200364639
836,45,female,35.3,0,no,southwest,7348.142,0.18668928194289153
837,32,male,37.18,2,no,southeast,4673.3922,0.1064892148209999
838,59,female,27.5,0,no,southwest,12233.828,0.33318236519743977
839,44,male,29.735,2,no,northeast,32108.66282,0.9291121551914456
840,39,female,24.225,5,no,northwest,8965.79575,0.23519323522105595
841,18,male,26.18,2,no,southeast,2304.0022,0.035445098082328166
842,53,male,29.48,0,no,southeast,9487.6442,0.2508404111615702
843,18,male,23.21,0,no,southeast,1121.8739,0.0
844,50,female,46.09,1,no,southeast,9549.5651,0.2526970559723289
845,18,female,40.185,0,no,northeast,2217.46915,0.032850479169463126
846,19,male,22.61,0,no,northwest,1628.4709,0.015189874358995728
847,62,male,39.93,0,no,southeast,12982.8747,0.3556418848195859
848,56,female,35.8,1,no,southwest,11674.13,0.31640030312644213
849,42,male,35.8,2,no,southwest,7160.094,0.1810508247600412
850,42,male,31.255,0,no,northwest,6358.77645,0.15702400875805486
851,25,male,29.7,3,yes,southwest,19933.458,0.5640491336756468
852,57,male,18.335,0,no,northeast,11534.87265,0.31222479152636023
853,30,female,28.405,1,no,northwest,4527.18295,0.10210525649194743
854,34,male,27.835,1,yes,northwest,20009.63365,0.5663331948775783
855,31,male,39.49,1,no,southeast,3875.7341,0.08257212427282205
856,24,male,26.79,1,no,northwest,12609.88702,0.34445817074971713
857,48,male,36.67,1,no,northwest,28468.91901,0.8199775745033793
858,19,female,39.615,1,no,northwest,2730.10785,0.04822150869502072
859,29,female,25.9,0,no,southwest,3353.284,0.06690690837567946
860,63,female,35.2,1,no,southeast,14474.675,0.4003722308850228
861,46,male,24.795,3,no,northeast,9500.57305,0.25122807158416705
862,52,male,36.765,2,no,northwest,26467.09737,0.7599546781958235
863,35,male,27.1,1,no,southwest,4746.344,0.1086766116596361
864,51,male,24.795,2,yes,northwest,23967.38305,0.6850028990613588
865,44,male,25.365,1,no,northwest,7518.02535,0.19178308775339828
866,21,male,25.745,2,no,northeast,3279.86855,0.064705609391459
867,39,female,34.32,5,no,southeast,8596.8278,0.22413004929023478
868,50,female,28.16,3,no,southeast,10702.6424,0.2872710848615841
869,34,female,23.56,0,no,northeast,4992.3764,0.11605368109400341
870,22,female,20.235,0,no,northwest,2527.81865,0.04215604140606766
871,19,female,40.5,0,no,southwest,1759.338,0.01911381154521303
872,26,male,35.42,0,no,southeast,2322.6218,0.036003390738255384
873,29,male,22.895,0,yes,northeast,16138.76205,0.4502684466382385
874,48,male,40.15,0,no,southeast,7804.1605,0.20036260357799338
875,26,male,29.15,1,no,southeast,2902.9065,0.05340272726304239
876,45,female,39.995,3,no,northeast,9704.66805,0.25734768422952264
877,36,female,29.92,0,no,southeast,4889.0368,0.11295513226661422
878,54,male,25.46,1,no,northeast,25517.11363,0.7314702346367641
879,34,male,21.375,0,no,northeast,4500.33925,0.10130037128668451
880,31,male,25.9,3,yes,southwest,19199.944,0.542055348673832
881,27,female,30.59,1,no,northeast,16796.41194,0.46998751169647496
882,20,male,30.115,5,no,northeast,4915.05985,0.11373541098902645
883,44,female,25.8,1,no,southwest,7624.63,0.1949795362905683
884,43,male,30.115,3,no,northwest,8410.04685,0.2185295835094389
885,45,female,27.645,1,no,northwest,28340.18885,0.8161177116210221
886,34,male,34.675,0,no,northeast,4518.82625,0.10185468804591277
887,24,female,20.52,0,yes,northeast,14571.8908,0.40328716284812016
888,26,female,19.8,1,no,southwest,3378.91,0.06767528189609828
889,38,female,27.835,2,no,northeast,7144.86265,0.18059412585969656
890,50,female,31.6,2,no,southwest,10118.424,0.2697537997331418
891,38,male,28.27,1,no,southeast,5484.4673,0.13080860254873988
892,27,female,20.045,3,yes,northwest,16420.49455,0.4587159527976626
893,39,female,23.275,3,no,northeast,7986.47525,0.20582915420164832
894,39,female,34.1,3,no,southwest,7418.522,0.18879956557541624
895,63,female,36.85,0,no,southeast,13887.9685,0.38278034222281965
896,33,female,36.29,3,no,northeast,6551.7501,0.16281015731025084
897,36,female,26.885,0,no,northwest,5267.81815,0.12431256453729642
898,30,male,22.99,2,yes,northwest,17361.7661,0.48693916884946936
899,24,male,32.7,0,yes,southwest,34472.841,0.9999999999999998
900,24,male,25.8,0,no,southwest,1972.95,0.025518783231926127
901,48,male,29.6,0,no,southwest,21232.18226,0.6029902611129978
902,47,male,19.19,1,no,northeast,8627.5411,0.22505096111590717
903,29,male,31.73,2,no,northwest,4433.3877,0.09929288677209003
904,28,male,29.26,2,no,northeast,4438.2634,0.0994390804337425
905,47,male,28.215,3,yes,northwest,24915.22085,0.7134229984593161
906,25,male,24.985,2,no,northeast,23241.47453,0.6632371578214293
907,51,male,27.74,1,no,northeast,9957.7216,0.26493527679441714
908,48,female,22.8,0,no,southwest,8269.044,0.2143017345964759
909,43,male,20.13,2,yes,southeast,18767.7377,0.5290960153296425
910,48,male,32.3,1,no,northwest,8765.249,0.2291800137933631
911,38,female,27.6,0,no,southwest,5383.536,0.127782264520899
912,59,male,25.46,0,no,northwest,12124.9924,0.32991902354759595
913,19,female,24.605,1,no,northwest,2709.24395,0.04759592263817741
914,26,female,34.2,2,no,southwest,3987.926,0.08593610168503928
915,54,female,35.815,3,no,northwest,12495.29085,0.3410221033740277
916,21,female,32.68,2,no,northwest,26018.95052,0.7465173812006187
917,51,male,37.0,0,no,southwest,8798.593,0.23017980489087525
918,18,male,23.32,1,no,southeast,1711.0268,0.017665241857409288
919,47,female,45.32,1,no,southeast,8569.8618,0.22332149702489434
920,21,female,34.6,0,no,southwest,2020.177,0.026934844117308968
921,19,male,26.03,1,yes,northwest,16450.8947,0.45962747509051993
922,23,male,18.715,0,no,northwest,21595.38229,0.6138805009345591
923,54,male,31.6,0,no,southwest,9850.432,0.2617182906219232
924,37,female,17.29,2,no,northeast,6877.9801,0.17259188265038344
925,46,female,23.655,1,yes,northwest,21677.28345,0.6163362366184577
926,30,female,27.93,0,no,northeast,4137.5227,0.09042162978236394
927,18,male,21.565,0,yes,northeast,13747.87235,0.3785796799277823
928,61,male,38.38,0,no,northwest,12950.0712,0.35465830014866345
929,54,female,23.0,3,no,southwest,12094.478,0.32900407556697203
930,22,male,28.88,0,no,northeast,2250.8352,0.03385093141721818
931,19,male,27.265,2,no,northwest,22493.65964,0.6408145729603145
932,35,female,28.025,0,yes,northwest,20234.85475,0.573086255420761
933,18,male,23.085,0,no,northeast,1704.70015,0.01747554271072397
934,20,male,30.685,0,yes,northeast,33475.81715,0.9701050992911087
935,28,female,25.8,0,no,southwest,3161.454,0.06115505118290858
936,55,male,35.245,1,no,northeast,11394.06555,0.30800281200841095
937,43,female,24.7,2,yes,northwest,21880.82,0.6224391046219466
938,43,female,25.08,0,no,northeast,7325.0482,0.18599683425671934
939,25,female,22.515,1,no,northwest,3594.17085,0.07412969292875467
940,44,female,36.955,1,no,northwest,8023.13545,0.20692837869760003
941,64,male,26.41,0,no,northeast,14394.5579,0.39796998870236655
942,49,male,29.83,1,no,northeast,9288.0267,0.24485505249411493
943,47,male,29.8,3,yes,southwest,25309.489,0.7252447890783953
944,27,female,21.47,0,no,northwest,3353.4703,0.06691249442058908
945,55,male,27.645,0,no,northwest,10594.50155,0.2840285746916167
946,48,female,28.9,0,no,southwest,8277.523,0.2145559701025881
947,45,female,31.79,0,no,southeast,17929.30337,0.5039562846739758
948,24,female,39.49,0,no,southeast,2480.9791,0.040751597874953374
949,32,male,33.82,1,no,northwest,4462.7218,0.10017244447463114
950,24,male,32.01,0,no,southeast,1981.5819,0.025777603312738713
951,57,male,27.94,1,no,southeast,11554.2236,0.3128050130816146
952,36,male,28.595,3,no,northwest,6548.19505,0.16270356220044965
953,29,female,25.6,4,no,southwest,5708.867,0.13753703412096857
954,42,female,25.3,1,no,southwest,7045.499,0.17761479246579326
955,48,male,37.29,2,no,southeast,8978.1851,0.2355647192012012
956,39,male,42.655,0,no,northeast,5757.41345,0.13899265757723708
957,63,male,21.66,1,no,northwest,14349.8544,0.39662959278922977
958,54,female,31.9,1,no,southeast,10928.849,0.29405369477276716
959,63,male,31.445,0,no,northeast,13974.45555,0.38537358186533666
960,21,male,31.255,0,no,northwest,1909.52745,0.023617112740337898
961,54,female,28.88,2,no,northeast,12096.6512,0.32906923709567626
962,60,female,18.335,0,no,northeast,13204.28565,0.36228070129936346
963,32,female,29.59,1,no,southeast,4562.8421,0.10317446536655303
964,47,female,32.0,1,no,southwest,8551.347,0.22276634670662965
965,21,male,26.03,0,no,northeast,2102.2647,0.029396173042310375
966,63,male,33.66,3,no,southeast,15161.5344,0.42096711792204666
967,18,male,21.78,2,no,southeast,11884.04858,0.32269453079817884
968,32,male,27.835,1,no,northwest,4454.40265,0.09992300193297843
969,38,male,19.95,1,no,northwest,5855.9025,0.14194576684404453
970,32,male,31.5,1,no,southwest,4076.497,0.08859182677194388
971,62,female,30.495,2,no,northwest,15019.76005,0.41671613624661574
972,39,female,18.3,5,yes,southwest,19023.26,0.5367576312352274
973,55,male,28.975,0,no,northeast,10796.35025,0.29008083396778017
974,57,male,31.54,0,no,northwest,11353.2276,0.3067783212799247
975,52,male,47.74,1,no,southeast,9748.9106,0.2586742589542478
976,56,male,22.1,0,no,southwest,10577.087,0.2835064144211878
977,55,female,29.83,0,no,northeast,11286.5387,0.30477871209917623
978,23,male,32.7,3,no,southwest,3591.48,0.07404901011101414
979,22,female,30.4,0,yes,northwest,33907.548,0.9830501766768855
980,50,female,33.7,4,no,southwest,11299.343,0.3051626379973851
981,18,female,31.35,4,no,northeast,4561.1885,0.10312488359595426
982,22,male,33.77,0,no,southeast,1674.6323,0.01657398414692448
983,52,female,30.875,0,no,northeast,23045.56616,0.6573630142197584
984,25,female,33.99,1,no,southeast,3227.1211,0.0631240225714474
985,33,female,19.095,2,yes,northeast,16776.30405,0.4693845939478018
986,53,male,28.6,3,no,southwest,11253.421,0.3037857064120938
987,29,male,38.94,1,no,southeast,3471.4096,0.07044880266755442
988,58,male,36.08,0,no,southeast,11363.2832,0.3070798297780096
989,37,male,29.8,0,no,southwest,20420.60465,0.5786558060560709
990,54,female,31.24,0,no,southeast,10338.9316,0.27636553004185593
991,49,female,29.925,0,no,northwest,8988.15875,0.2358637704991769
992,50,female,26.22,2,no,northwest,10493.9458,0.2810134972068021
993,26,male,30.0,1,no,southwest,2904.088,0.05343815352209082
994,45,male,20.35,3,no,southeast,8605.3615,0.2243859249286957
995,54,female,32.3,1,no,northeast,11512.405,0.3115511184081975
996,48,female,25.85,3,yes,southeast,24180.9335,0.6914060252243779
997,28,female,26.315,3,no,northwest,5312.16985,0.1256424120306844
998,23,male,24.51,0,no,northeast,2396.0959,0.03820644829216961
999,55,male,32.67,1,no,southeast,10807.4863,0.29041473882776847
1000,41,male,29.64,5,no,northeast,9222.4026,0.2428873704235101
1001,30,female,19.95,3,no,northwest,5693.4305,0.137074183974713
1002,23,female,31.4,0,yes,southwest,34166.273,0.9908078227812469
1003,46,male,38.17,2,no,southeast,8347.1643,0.2166441044523713
1004,27,female,32.395,1,no,northeast,18903.49141,0.5331664733044577
1005,63,female,25.08,0,no,northwest,14254.6082,0.39377371758433954
1006,55,male,29.9,0,no,southwest,10214.636,0.27263863361851354
1007,35,female,35.86,2,no,southeast,5836.5204,0.1413646112828914
1008,34,male,32.8,1,no,southwest,14358.36437,0.39688475690409586
1009,19,female,18.6,0,no,southwest,1728.897,0.018201064400318392
1010,39,female,23.87,5,no,southeast,8582.3023,0.22369451469369828
1011,27,male,45.9,2,no,southwest,3693.428,0.07710583301196083
1012,57,male,40.28,0,no,northeast,20709.02034,0.5873037019067431
1013,52,female,18.335,0,no,northwest,9991.03765,0.26593422983527215
1014,28,male,33.82,0,no,northwest,19673.33573,0.5562495916347805
1015,50,female,28.12,3,no,northwest,11085.5868,0.29875334259797215
1016,44,female,25.0,1,no,southwest,7623.518,0.19494619392911097
1017,26,female,22.23,0,no,northwest,3176.2877,0.06159982689077702
1018,33,male,30.25,0,no,southeast,3704.3545,0.07743345469583099
1019,50,male,37.07,1,no,southeast,9048.0273,0.23765887736430885
1020,41,female,32.6,3,no,southwest,7954.517,0.20487091362337134
1021,52,female,24.86,0,no,southeast,27117.99378,0.7794712459777515
1022,39,male,32.34,2,no,southeast,6338.0756,0.15640331161491264
1023,50,male,32.3,2,no,southwest,9630.397,0.2551207308168284
1024,52,male,32.775,3,no,northwest,11289.10925,0.30485578782511524
1025,20,female,31.92,0,no,northwest,2261.5688,0.034172769160867894
1026,55,male,21.5,1,no,southwest,10791.96,0.28994919610592035
1027,42,male,34.1,0,no,southwest,5979.731,0.14565865767652655
1028,18,female,30.305,0,no,northeast,2203.73595,0.03243870100546499
1029,58,female,36.48,0,no,northwest,12235.8392,0.33324266929578783
1030,35,female,35.815,1,no,northwest,5630.45785,0.13518600334681147
1031,48,female,27.93,4,no,northwest,11015.1747,0.29664209647461764
1032,36,female,22.135,3,no,northeast,7228.21565,0.1830933937145109
1033,23,female,23.18,2,no,northwest,14426.07385,0.39891496729640563
1034,20,female,30.59,0,no,northeast,2459.7201,0.04011416508518578
1035,32,female,41.1,0,no,southwest,3989.841,0.0859935213093116
1036,43,female,34.58,1,no,northwest,7727.2532,0.19805660448149343
1037,34,male,42.13,2,no,southeast,5124.1887,0.12000595928745944
1038,30,male,38.83,1,no,southeast,18963.17192,0.53495594195228
1039,18,female,28.215,0,no,northeast,2200.83085,0.03235159408615769
1040,41,female,28.31,1,no,northwest,7153.5539,0.18085472549909953
1041,35,female,26.125,0,no,northeast,5227.98875,0.1231183143111913
1042,57,male,40.37,0,no,southeast,10982.5013,0.2956624127400491
1043,29,female,24.6,2,no,southwest,4529.477,0.10217404160372906
1044,32,male,35.2,2,no,southwest,4670.64,0.10640669247639298
1045,37,female,34.105,1,no,northwest,6112.35295,0.1496352125273153
1046,18,male,27.36,1,yes,northeast,17178.6824,0.4814495619228985
1047,43,female,26.7,2,yes,southwest,22478.6,0.640363022636306
1048,56,female,41.91,0,no,southeast,11093.6229,0.2989942981293637
1049,38,male,29.26,2,no,northwest,6457.8434,0.15999444585821318
1050,29,male,32.11,2,no,northwest,4433.9159,0.09930872439378227
1051,22,female,27.1,0,no,southwest,2154.361,0.030958235690862465
1052,52,female,24.13,1,yes,northwest,23887.6627,0.6826125530854545
1053,40,female,27.4,1,no,southwest,6496.886,0.161165104564539
1054,23,female,34.865,0,no,northeast,2899.48935,0.053300266965871576
1055,31,male,29.81,0,yes,southeast,19350.3689,0.5465657096342493
1056,42,female,41.325,1,no,northeast,7650.77375,0.19576343409843727
1057,24,female,29.925,0,no,northwest,2850.68375,0.051836873120240046
1058,25,female,30.3,0,no,southwest,2632.992,0.04530957364651654
1059,48,female,27.36,1,no,northeast,9447.3824,0.2496331957941933
1060,23,female,28.49,1,yes,southeast,18328.2381,0.5159179986717686
1061,45,male,23.56,2,no,northeast,8603.8234,0.224339806326036
1062,62,female,32.68,0,no,northwest,13844.7972,0.3814858880059283
1063,43,female,25.27,1,yes,northeast,21771.3423,0.6191565101570922
1064,23,female,28.0,0,no,southwest,13126.67745,0.3599536863205385
1065,31,female,32.775,2,no,northwest,5327.40025,0.1260990824460979
1066,41,female,21.755,1,no,northeast,13725.47184,0.377908019944645
1067,58,female,32.395,1,no,northeast,13019.16105,0.3567298997455459
1068,48,female,36.575,0,no,northwest,8671.19125,0.2263597732372804
1069,31,female,21.755,0,no,northwest,4134.08245,0.0903184768516053
1070,19,female,27.93,3,no,northwest,18838.70366,0.5312238684676702
1071,19,female,30.02,0,yes,northwest,33307.5508,0.9650597778317498
1072,41,male,33.55,0,no,southeast,5699.8375,0.13726629234688667
1073,40,male,29.355,1,no,northwest,6393.60345,0.15806826633222276
1074,31,female,25.8,2,no,southwest,4934.705,0.11432445387768078
1075,37,male,24.32,2,no,northwest,6198.7518,0.15222580756886056
1076,46,male,40.375,2,no,northwest,8733.22925,0.22821992919059908
1077,22,male,32.11,0,no,northwest,2055.3249,0.027988723601361475
1078,51,male,32.3,1,no,northeast,9964.06,0.26512532825472396
1079,18,female,27.28,3,yes,southeast,18223.4512,0.5127760538014503
1080,35,male,17.86,1,no,northwest,5116.5004,0.11977543223926479
1081,37,female,25.555,1,yes,northeast,20296.86345,0.5749455328388362
1082,59,male,37.1,1,no,southwest,12347.172,0.3365808873350482
1083,36,male,30.875,1,no,northwest,5373.36425,0.12747727336518525
1084,39,male,34.1,2,no,southeast,23563.01618,0.6728783070281641
1085,18,male,21.47,0,no,northeast,1702.4553,0.017408232818531974
1086,52,female,33.3,2,no,southwest,10806.839,0.2903953300952403
1087,27,female,31.255,1,no,northwest,3956.07145,0.08498097046187304
1088,18,male,39.14,0,no,northeast,12890.05765,0.3528588455835213
1089,40,male,25.08,0,no,southeast,5415.6612,0.12874551095101525
1090,29,male,37.29,2,no,southeast,4058.1161,0.08804069132975757
1091,38,female,30.21,3,no,northwest,7537.1639,0.19235694067774123
1092,30,female,21.945,1,no,northeast,4718.20355,0.10783284452342012
1093,40,male,24.97,2,no,southeast,6593.5083,0.1640622409417327
1094,50,male,25.3,0,no,southeast,8442.667,0.21950767058865883
1095,20,female,24.42,0,yes,southeast,26125.67477,0.7497174158406938
1096,41,male,23.94,1,no,northeast,6858.4796,0.17200717696729098
1097,33,female,39.82,1,no,southeast,4795.6568,0.11015521346006182
1098,38,male,16.815,2,no,northeast,6640.54485,0.1654725913480332
1099,42,male,37.18,2,no,southeast,7162.0122,0.1811083403335551
1100,56,male,34.43,0,no,southeast,10594.2257,0.284020303567149
1101,58,male,30.305,0,no,northeast,11938.25595,0.32431989206094114
1102,20,female,21.8,0,yes,southwest,20167.33603,0.5710617648026164
1103,54,female,24.605,3,no,northwest,12479.70895,0.34055489353410684
1104,58,male,23.3,0,no,southwest,11345.519,0.3065471855537286
1105,45,female,27.83,2,no,southeast,8515.7587,0.22169926220820146
1106,26,male,31.065,0,no,northwest,2699.56835,0.04730580811253296
1107,63,female,21.66,0,no,northeast,14449.8544,0.3996280065893501
1108,58,female,28.215,0,no,northwest,12224.35085,0.3328982010239817
1109,37,male,22.705,3,no,northeast,6985.50695,0.17581598255961817
1110,25,female,42.13,1,no,southeast,3238.4357,0.06346328109927582
1111,22,female,21.28,3,no,northwest,4296.2712,0.095181566713848
1112,28,female,33.11,0,no,southeast,3171.6149,0.061459717010725
1113,18,male,33.33,0,no,southeast,1135.9407,0.00042178087243533585
1114,28,male,24.3,5,no,southwest,5615.369,0.13473357718613202
1115,45,female,25.7,3,no,southwest,9101.798,0.23927114545353018
1116,33,male,29.4,4,no,southwest,6059.173,0.14804065756761817
1117,18,female,39.82,0,no,southeast,1633.9618,0.015354514262346533
1118,24,male,29.83,0,yes,northeast,18648.4217,0.5255184279198908
1119,19,male,19.8,0,no,southwest,1241.565,0.0035888344599158614
1120,20,male,27.3,0,yes,southwest,16232.847,0.45308950276287485
1121,40,female,29.3,4,no,southwest,15828.82173,0.44097515331122134
1122,34,female,27.72,0,no,southeast,4415.1588,0.0987463089188799
1123,42,female,37.9,0,no,southwest,6474.013,0.16047927737603745
1124,51,female,36.385,3,no,northwest,11436.73815,0.3092823131356811
1125,54,female,27.645,1,no,northwest,11305.93455,0.3053602799422269
1126,55,male,37.715,3,no,northwest,30063.58055,0.867792126183951
1127,52,female,23.18,0,no,northeast,10197.7722,0.27213298711208883
1128,32,female,20.52,0,no,northeast,4544.2348,0.10261654151552324
1129,28,male,37.1,1,no,southwest,3277.161,0.06462442583861383
1130,41,female,28.05,1,no,southeast,6770.1925,0.16935996437716494
1131,43,female,29.9,1,no,southwest,7337.748,0.186377626812507
1132,49,female,33.345,2,no,northeast,10370.91255,0.2773244512600655
1133,64,male,23.76,0,yes,southeast,26926.5144,0.7737299018234467
1134,55,female,30.5,0,no,southwest,10704.47,0.2873258838721951
1135,24,male,31.065,0,yes,northeast,34254.05335,0.9934398409094409
1136,20,female,33.3,0,no,southwest,1880.487,0.022746359879920845
1137,45,male,27.5,3,no,southwest,8615.3,0.22468392228422063
1138,26,male,33.915,1,no,northwest,3292.52985,0.06508524755793363
1139,25,female,34.485,0,no,northwest,3021.80915,0.056967920729351196
1140,43,male,25.52,5,no,southeast,14478.33015,0.40048182740703786
1141,35,male,27.61,1,no,southeast,4747.0529,0.10869786741506512
1142,26,male,27.06,0,yes,southeast,17043.3414,0.4773914787016776
1143,57,male,23.7,0,no,southwest,10959.33,0.2949676412831818
1144,22,female,30.4,0,no,northeast,2741.948,0.04857652538657567
1145,32,female,29.735,0,no,northwest,4357.04365,0.09700377624131923
1146,39,male,29.925,1,yes,northeast,22462.04375,0.6398665977515237
1147,25,female,26.79,2,no,northwest,4189.1131,0.09196852345550122
1148,48,female,33.33,0,no,southeast,8283.6807,0.21474060342915813
1149,47,female,27.645,2,yes,northwest,24535.69855,0.7020433494415819
1150,18,female,21.66,0,yes,northeast,14283.4594,0.3946387959466398
1151,18,male,30.03,1,no,southeast,1720.3537,0.017944900914132707
1152,47,female,24.32,0,no,northeast,8534.6718,0.22226635520863197
1153,28,female,17.29,0,no,northeast,3732.6251,0.07828112426760782
1154,36,female,25.9,1,no,southwest,5472.449,0.130448244183
1155,44,male,34.32,1,no,southeast,7147.4728,0.1806723889575004
1156,38,female,19.95,2,no,northeast,7133.9025,0.18026549520958268
1157,21,male,23.21,0,no,southeast,1515.3449,0.01179788876347157
1158,46,male,25.745,3,no,northwest,9301.89355,0.2452708380381569
1159,58,male,25.175,0,no,northeast,11931.12525,0.32410608416809594
1160,20,male,22.0,1,no,southwest,1964.78,0.025273812824456295
1161,18,male,26.125,0,no,northeast,1708.92575,0.01760224368426186
1162,28,female,26.51,2,no,southeast,4340.4409,0.09650595709411974
1163,33,male,27.455,2,no,northwest,5261.46945,0.12412220424036816
1164,19,female,25.745,1,no,northwest,2710.82855,0.04764343550325412
1165,25,female,20.8,1,no,southwest,3208.787,0.06257429038691953
1166,42,male,24.605,2,yes,northeast,21259.37795,0.6038057004349957
1167,24,female,27.72,0,no,southeast,2464.6188,0.04026104838201229
1168,29,female,21.85,0,yes,northeast,16115.3045,0.4495650922218684
1169,32,male,28.12,4,yes,northwest,21472.4788,0.6101953457295695
1170,25,female,30.2,0,yes,southwest,33900.653,0.9828434360453671
1171,41,male,32.2,2,no,southwest,6875.961,0.17253134167734524
1172,42,male,26.315,1,no,northwest,6940.90985,0.1744787769587647
1173,33,female,26.695,0,no,northwest,4571.41305,0.10343145791415445
1174,34,male,42.9,1,no,southwest,4536.259,0.10237739402765325
1175,30,female,23.655,3,yes,northwest,18765.87545,0.5290401773686497
1176,18,male,28.31,1,no,northeast,11272.33139,0.30435271815551035
1177,19,female,20.6,0,no,southwest,1731.677,0.018284420303961733
1178,18,male,53.13,0,no,southeast,1163.4627,0.001247004318504455
1179,35,male,39.71,4,no,northeast,19496.71917,0.5509538963264426
1180,39,female,26.315,2,no,northwest,7201.70085,0.18229837029223658
1181,31,male,31.065,3,no,northwest,5425.02335,0.12902622694860325
1182,62,male,26.695,0,yes,northeast,28101.33305,0.8089558263514343
1183,62,male,38.83,0,no,southeast,12981.3457,0.3555960390725821
1184,31,male,25.935,1,no,northwest,4239.89265,0.09349110449034023
1185,61,male,33.535,0,no,northeast,13143.33665,0.3604531980723281
1186,42,female,32.87,0,no,northeast,7050.0213,0.17775038973307614
1187,51,male,30.03,1,no,southeast,9377.9047,0.24754996684938707
1188,23,female,24.225,2,no,northeast,22395.74424,0.6378786640942715
1189,52,male,38.6,2,no,southwest,10325.206,0.2759539797573066
1190,57,female,25.74,2,no,southeast,12629.1656,0.3450362223529044
1191,23,female,33.4,0,no,southwest,10795.93733,0.29006845291751676
1192,52,female,44.7,3,no,southwest,11411.685,0.30853111602871625
1193,50,male,30.97,3,no,northwest,10600.5483,0.28420988127807545
1194,18,female,31.92,0,no,northeast,2205.9808,0.03250601089765699
1195,18,female,36.85,0,no,southeast,1629.8335,0.015230730745436162
1196,21,female,25.8,0,no,southwest,2007.945,0.02656807814127824
1197,61,female,29.07,0,yes,northwest,29141.3603,0.8401401469404466
