,charges_Sklearn,age_robust,bmi_robust,children_robust,smoker_map
0,0.4726414695182856,-0.8,-0.2288029925187033,-0.5,1
1,0.0181007764539457,-0.84,0.5031172069825441,0.0,0
2,0.0997748608015627,-0.44,0.4071072319201996,1.0,0
3,0.6255469788160954,-0.24,-0.876558603491272,-0.5,0
4,0.0823058981099231,-0.28,-0.1066084788029925,-0.5,0
5,0.0790006386351536,-0.32,-0.4981296758104739,-0.5,0
6,0.2134485539401344,0.28,0.4619700748129673,0.0,0
7,0.1846912469293881,-0.08,-0.2487531172069826,1.0,0
8,0.1584522806836387,-0.08,0.0118453865336656,0.5,0
9,0.8335969069994376,0.84,-0.4856608478802992,-0.5,0
10,0.0479580365751972,-0.56,-0.438279301745636,-0.5,0
11,0.8001822291983849,0.92,-0.4295511221945138,-0.5,1
12,0.0211378907809842,-0.64,0.5816708229426433,-0.5,0
13,0.2989071912100564,0.68,1.2574812967581048,-0.5,0
14,0.0214495459113687,-0.8,-0.6402743142144637,0.0,0
15,0.2901103968286425,0.52,0.1302992518703244,0.0,0
16,0.0381787324542082,-0.64,-0.7344139650872819,-0.5,0
17,0.2842649531443422,0.68,1.3173316708229423,-0.5,0
18,0.3630171507080524,0.84,0.7817955112219456,-0.5,0
19,0.090787835055014,-0.36,0.332294264339152,0.0,0
20,0.000453872895338,-0.84,0.54426433915212,-0.5,0
21,0.1523802243803598,-0.08,-0.2132169576059851,0.5,0
22,0.3861735061949672,0.8,-0.2512468827930175,1.0,0
23,0.399687397670696,0.96,-0.8291770573566083,-0.5,0
24,0.3342259406324682,0.64,0.3790523690773066,0.5,0
25,0.0495733225679083,-0.64,-1.5399002493765583,0.0,0
26,0.0322724059776965,-0.84,-0.4264339152119699,-0.5,0
27,0.1069211303320796,-0.8,-0.141521197007481,2.0,0
28,0.379246093886135,0.96,-0.1776807980049876,-0.5,0
29,0.0150988080342653,-0.8,-1.1608478802992517,-0.5,0
30,0.4344797380703241,0.92,0.4027431421446389,1.0,0
31,0.0353940590826225,-0.52,-1.1140897755610972,-0.5,0
32,0.0576951215306736,-0.6,-0.3908977556109723,-0.5,0
33,0.1147758260959095,-0.32,0.8597256857855365,0.5,0
34,0.1544364001366545,0.08,-0.9918952618453863,0.0,0
35,0.1556741993247925,-0.08,0.1327930174563592,0.5,0
36,0.1486552874204358,-0.04,0.9120947630922692,0.0,0
37,0.5849428459302459,0.64,0.9432668329177056,-0.5,0
38,0.0681084432481119,-0.84,1.1134663341645883,0.5,0
39,0.0730128272652099,-0.44,0.6278054862842898,-0.5,0
40,0.345058143756197,0.84,-0.6490024937655858,-0.5,0
41,0.0326604277091562,-0.84,0.7344139650872819,-0.5,0
42,0.0736996559239207,-0.72,0.4856608478802997,0.5,0
43,0.6730358982603535,0.36,-0.2163341645885286,0.0,1
44,0.2080241085422677,0.04,-0.1302992518703239,1.0,0
45,0.3743668005957164,0.76,0.2605985037406483,0.5,0
46,0.9949124773656112,-0.84,0.2425187032418953,0.5,1
47,0.6633365753282758,0.56,-0.8547381546134665,0.0,1
48,0.145952281845524,-0.2,0.9476309226932672,0.5,0
49,0.2244115883524108,0.16,-0.2961346633416459,1.0,0
50,0.1014299972128844,-0.56,0.4894014962593513,1.5,0
51,0.8708816204013465,1.0,-0.6278054862842893,0.0,0
52,0.0903052598435743,-0.44,-0.4738154613466335,0.0,0
53,0.4074805345000025,-0.76,-0.9120947630922692,-0.5,1
54,0.0186303473040816,-0.8,-0.1041147132169577,-0.5,0
55,0.3931879414675204,0.88,1.1677057356608482,0.5,0
56,0.1579415653586849,0.04,-0.4264339152119699,0.0,0
57,0.1438707964783425,0.04,0.8048628428927679,-0.5,0
58,0.4959757313904099,-0.44,-0.717581047381546,1.0,1
59,0.463432006443975,-0.48,-0.621571072319202,-0.5,1
60,0.1702374651678391,-0.32,-0.1539900249376558,2.0,0
61,0.3184271109187715,0.56,-0.2038653366583538,1.0,0
62,0.3245708577968043,0.76,0.2836658354114711,0.0,0
63,0.1980446348136033,0.2,-0.2911471321695761,0.5,0
64,0.3068812658209243,0.72,0.5330423940149625,-0.5,0
65,0.0847213573006103,-0.4,-0.018079800498753,0.0,0
66,0.0123113611299145,-0.72,0.7225685785536162,-0.5,0
67,0.0489685065234585,-0.68,1.255610972568579,-0.5,0
68,0.1633880790821205,0.08,0.4027431421446389,-0.5,0
69,0.0995275261448115,-0.32,-0.3553615960099748,0.0,0
70,0.2042944430837809,0.24,1.066084788029925,-0.5,0
71,0.2971964132338459,0.36,1.433291770573566,1.5,0
72,0.5989835344235039,0.24,-0.8528678304239402,0.5,1
73,0.2983812154580668,0.68,-0.3160847880299252,-0.5,0
74,0.2070342571865029,0.28,-0.2487531172069826,-0.5,0
75,0.2986631023362437,0.64,-0.3435162094763091,-0.5,0
76,0.0271386493017169,-0.72,1.216334164588529,-0.5,0
77,0.294451975577044,0.56,-0.6159600997506232,0.0,0
78,0.8714308857328457,0.8,0.0118453865336656,1.0,1
79,0.1381408636872781,-0.16,0.6278054862842898,0.5,0
80,0.0793083418561496,-0.44,0.9831670822942642,0.0,0
81,0.3293291635911811,0.6,0.1327930174563592,1.0,0
82,0.2729878948547791,0.64,1.0654613466334166,-0.5,0
83,0.6383855237589195,0.68,-1.2200748129675811,-0.5,1
84,0.4407316002539548,-0.04,-1.3011221945137157,-0.5,1
85,0.1518472638234229,0.08,0.2325436408977558,-0.5,0
86,0.0756564417587758,-0.36,-0.5330423940149625,-0.5,0
87,0.6063684072297861,-0.84,0.0473815461346632,-0.5,0
88,0.894136527153361,0.88,0.0230673316708232,1.0,1
89,0.116397797052188,-0.2,-0.2786783042394014,0.0,0
90,0.4928944279399921,-0.76,-0.2132169576059851,0.0,1
91,0.0362701656108796,-0.8,-0.1664588528678305,0.0,0
92,0.0826192038671046,-0.52,0.1421446384039901,0.5,0
93,0.0523296879148071,-0.4,-0.2238154613466332,-0.5,0
94,0.290947479001291,0.6,0.4856608478802997,0.0,0
95,0.3226138560761555,0.64,-0.0043640897755611,0.5,0
96,0.1056906412767862,-0.08,0.1327930174563592,-0.5,0
97,0.0384654482778102,-0.72,0.7462593516209476,-0.5,0
98,0.3108288589928176,0.52,0.3079800498753116,1.0,0
99,0.8736814609492987,0.84,-0.1421446384039901,-0.5,0
100,0.3076208095926549,0.76,2.4096009975062347,-0.5,0
101,0.5392918785854339,-0.4,-0.2238154613466332,0.0,1
102,0.2242650228874472,0.4,-0.3198254364089773,-0.5,0
103,0.1668484569972185,-0.08,-0.7936408977556109,0.5,0
104,0.1984489109462735,0.2,0.918329177057357,0.5,0
105,0.0175032585486853,-0.84,-0.7462593516209476,-0.5,0
106,0.034050027592753,-0.76,-0.0947630922693264,-0.5,0
107,0.2696513994042469,0.32,0.5211970074812967,1.0,0
108,0.0678698534652088,-0.52,-0.1184538653366582,-0.5,0
109,0.4785230380920498,-0.8,-0.1789276807980048,-0.5,1
110,0.2552448951322913,0.52,0.9557356608478802,-0.5,0
111,0.9478679375387588,-0.28,-1.4925187032418952,0.5,1
112,0.1487372490616621,-0.04,0.6190773067331675,0.5,0
113,0.3506216480900788,0.8,-0.4027431421446384,-0.5,0
114,0.3746363534987265,0.88,-0.9594763092269328,-0.5,0
115,0.3010915416602716,0.56,0.7687032418952617,0.5,0
116,0.0153126159271105,-0.8,-0.5211970074812967,-0.5,0
117,0.0400389363821476,-0.76,-0.1184538653366582,-0.5,0
118,0.030997829745093,-0.68,-0.2100997506234412,-0.5,0
119,0.0041848291709657,-0.8,0.54426433915212,-0.5,0
120,0.0276996870054781,-0.68,-0.56857855361596,-0.5,0
121,0.785610200790849,0.6,0.2699501246882792,1.0,0
122,0.0313291694620753,-0.68,0.7811720698254365,-0.5,0
123,0.78720448499378,-0.2,-0.9120947630922692,0.5,0
124,0.0710226840768284,-0.52,0.3435162094763095,0.0,0
125,0.5352354864695963,-0.2,-0.5529925187032417,0.5,1
126,0.5108098379551937,-0.4,0.0,0.5,0
127,0.5884121783083165,-0.36,-0.1302992518703239,1.0,1
128,0.1204277761408604,-0.4,1.1340399002493764,1.0,0
129,0.2625331305610025,0.48,0.996882793017456,0.0,0
130,0.2949785764983109,0.56,0.9594763092269328,0.0,0
131,0.0216079221282911,-0.8,-0.1664588528678305,0.0,0
132,0.1200367529971866,-0.16,-0.6988778054862844,0.0,0
133,0.1999270689814569,0.36,-0.0043640897755611,-0.5,0
134,0.1562914093126852,-0.28,0.9239401496259356,1.0,0
135,0.5649872863806698,0.12,-0.7936408977556109,-0.5,1
136,0.1785650017927066,0.04,-0.5330423940149625,0.0,0
137,0.1747123818787251,0.2,1.2200748129675816,-0.5,0
138,0.6027352022424561,0.36,-0.6627182044887778,-0.5,1
139,0.4316608363060032,-0.84,-0.56857855361596,-0.5,1
140,0.5585298148670477,0.44,-0.2375311720698256,1.0,0
141,0.6064841250135742,0.12,-0.3908977556109723,-0.5,1
142,0.2797123715192054,0.6,1.230049875311721,0.0,0
143,0.1208438750191444,-0.28,0.0081047381546136,0.5,0
144,0.117126219707134,-0.08,-0.0118453865336656,-0.5,0
145,0.2784090764792244,0.32,-0.1895261845386533,1.5,0
146,0.1112038547152055,-0.76,0.9058603491271822,2.0,0
147,0.150128286684676,-0.28,0.4264339152119703,1.0,0
148,0.0478968374503298,-0.8,0.2605985037406483,0.0,0
149,0.1111221464399453,-0.48,-1.350374064837905,1.0,0
150,0.3683106508776472,0.96,1.463216957605985,-0.5,0
151,0.2097332313940605,0.4,0.0704488778054864,-0.5,0
152,0.0171785873039945,-0.84,-1.717581047381546,-0.5,0
153,0.1236597753712515,-0.16,0.6315461346633414,0.0,0
154,0.0519794117154701,-0.6,0.4501246882793017,-0.5,0
155,0.1599350547768673,-0.04,-0.2369077306733165,0.5,0
156,0.27927892082026,0.6,-0.0667082294264339,0.0,0
157,0.2309199933215729,0.28,-0.1041147132169577,0.5,0
158,0.222374797341334,0.08,0.4264339152119703,1.0,0
159,0.3182517951630853,0.76,-0.1421446384039901,-0.5,0
160,0.0152903302165411,-0.84,1.0654613466334166,-0.5,0
161,0.0864607191555773,-0.68,-1.2200748129675811,1.0,0
162,0.1888282274129316,0.2,-0.4145885286783041,-0.5,0
163,0.1981817552750966,0.2,0.1190773067331673,0.5,0
164,0.0857577200512425,-0.52,0.0230673316708232,0.5,0
165,0.1260466326926993,-0.36,0.1452618453865335,1.0,0
166,0.1695329278772248,0.08,0.3073566084788034,0.0,0
167,0.1139709678763708,-0.4,0.2961346633416459,0.5,0
168,0.3428905484422968,0.88,0.2288029925187033,-0.5,0
169,0.1128000902858376,-0.12,-0.4407730673316709,-0.5,0
170,0.0304572787036211,-0.56,-0.4981296758104739,-0.5,0
171,0.3275007908241437,0.68,-0.3908977556109723,0.0,0
172,0.0004676266194391,-0.84,0.5854114713216958,-0.5,0
173,0.0155224644145326,-0.8,0.1066084788029925,-0.5,0
174,0.1357634123899213,0.0,0.3821695760598501,-0.5,0
175,0.2217313542311041,0.24,-0.141521197007481,0.5,0
176,0.255536176040904,0.48,-1.4569825436408976,-0.5,0
177,0.4131707113224911,1.0,1.1963840399002492,-0.5,0
178,0.0302480583838901,-0.8,0.2961346633416459,-0.5,0
179,0.2323554149648631,0.36,0.311097256857855,0.0,0
180,0.3565214380245063,0.84,-0.71072319201995,-0.5,0
181,0.1806613607915435,0.28,-0.9270573566084788,-0.5,0
182,0.0964248290119299,-0.44,-0.1066084788029925,0.0,0
183,0.3184742759678474,0.8,-0.4158354114713218,-0.5,0
184,0.5955515364950241,-0.16,-0.2487531172069826,0.5,1
185,0.3825698685661202,0.96,0.2574812967581049,-0.5,0
186,0.1645600196103458,0.04,1.433291770573566,0.0,0
187,0.0257322702944946,-0.76,0.4071072319201996,0.0,0
188,0.2111135886671184,0.04,0.1421446384039901,1.5,0
189,0.0724365531217234,-0.6,-0.1539900249376558,0.5,0
190,0.1163657050292853,-0.2,-0.3746882793017455,0.0,0
191,0.2218272135202939,0.24,0.1452618453865335,0.5,0
192,0.1873978071238599,0.08,0.918329177057357,0.5,0
193,0.2768665469973732,0.56,-0.3908977556109723,-0.5,0
194,0.0408342611450088,-0.48,-0.8273067331670821,-0.5,0
195,0.0680970627685336,-0.52,0.0230673316708232,0.0,0
196,0.7184167663911611,-0.6,-0.8135910224438901,-0.5,0
197,0.1166562003534823,-0.2,0.4943890274314219,0.0,0
198,0.2831405329772281,0.56,0.438279301745636,-0.5,0
199,0.1238839667710865,-0.28,0.1327930174563592,1.0,0
200,0.5515182706650805,0.12,-0.6352867830423939,-0.5,1
201,0.3257864837148905,0.64,0.516832917705736,1.0,0
202,0.0470037793896537,-0.44,1.0380299251870329,-0.5,0
203,0.6927974013683098,0.76,1.5180798004987528,-0.5,0
204,0.1869901322891473,0.08,0.236907730673317,0.0,0
205,0.2429729391565379,0.32,-0.5330423940149625,0.5,0
206,0.1895527986053513,0.12,0.8054862842892769,0.0,0
207,0.3861780907696676,0.8,-0.2375311720698256,1.0,0
208,0.018167722038861,-0.8,-1.4881546134663342,-0.5,0
209,0.3361807789975601,0.8,-0.2786783042394014,0.0,0
210,0.1675608981066099,0.0,-0.6514962593516207,0.5,0
211,0.5493811272417344,0.04,-0.9370324189526186,0.5,1
212,0.0148089498730008,-0.84,-0.3746882793017455,-0.5,0
213,0.1001869358085271,-0.32,1.0791770573566086,0.5,0
214,0.486666738968418,-0.8,-0.0829177057356607,-0.5,1
215,0.1808282644973134,0.2,1.0380299251870329,0.0,0
216,0.1268988913367972,-0.24,-0.9476309226932668,0.0,0
217,0.1821534314667594,0.04,0.6938902743142142,1.0,0
218,0.8515882497452374,0.96,-0.2487531172069826,-0.5,1
219,0.7002676875897851,0.6,0.0355361596009975,-0.5,0
220,0.3456220464443443,0.84,1.0380299251870329,-0.5,0
221,0.0259380634272521,-0.6,0.7637157107231921,-0.5,0
222,0.0212953374896286,-0.8,-1.1016209476309229,0.0,0
223,0.0875142343323531,-0.4,-0.0947630922693264,0.0,0
224,0.3510417303610964,-0.84,-1.5517456359102246,0.5,1
225,0.0941163142462516,-0.48,0.0704488778054864,1.0,0
226,0.3575745918924192,0.64,-0.5448877805486286,1.0,0
227,0.1283053228162609,-0.04,1.2986284289276808,-0.5,0
228,0.3117818418524961,0.48,-0.6633416458852869,1.5,0
229,0.9783349850745406,-0.8,0.2724438902743145,-0.5,1
230,0.3212886171447783,0.76,-0.5654613466334165,-0.5,0
231,0.4786485996683435,-0.76,-0.3609725685785536,0.0,1
232,0.7120621968410625,0.52,-0.6751870324189525,1.0,1
233,0.5799269239181972,0.56,1.0380299251870329,1.0,0
234,0.4814747366051643,0.04,-1.2387780548628429,0.0,1
235,0.4038491030744353,0.8,0.3316708229426439,1.0,0
236,0.1894751381887213,0.24,0.0579800498753117,0.0,0
237,0.2446887574663464,0.4,-0.4856608478802992,0.0,0
238,0.0179173934659304,-0.84,-0.0455112219451369,0.0,0
239,0.1842174045981413,0.08,0.9120947630922692,0.5,0
240,0.2547388963122451,0.44,-0.2842892768079802,0.0,0
241,0.0420166406508793,-0.56,-0.2724438902743141,-0.5,0
242,0.2576826955042032,0.32,-0.3908977556109723,0.5,0
243,0.0504280414105292,-0.8,-1.1371571072319204,0.5,0
244,0.0308415374257617,-0.68,-0.6776807980049874,-0.5,0
245,0.354020234693584,0.8,0.2562344139650873,0.5,0
246,0.261859198080046,0.48,-1.019326683291771,0.0,0
247,0.6359543588767476,0.04,-0.201371571072319,0.0,1
248,0.0934081653662151,-0.36,-0.2605985037406483,0.0,0
249,0.3225462733283077,0.64,0.3316708229426439,0.0,0
250,0.254986491830997,0.52,0.1826683291770573,-0.5,0
251,0.1985020668261221,0.28,-0.3884039900249375,0.0,0
252,0.2491997121126961,0.28,2.2861596009975065,0.5,0
253,0.3938212304494162,0.96,-0.438279301745636,-0.5,0
254,0.7457339112663992,0.52,-0.4158354114713218,1.0,0
255,0.0614718036167532,-0.44,0.4569825436408977,-0.5,0
256,0.5743741569041336,-0.4,-0.0118453865336656,0.0,0
257,0.0310299217679957,-0.68,-0.1140897755610971,-0.5,0
258,0.0834834291806788,-0.56,-0.3659600997506233,1.0,0
259,0.0174715833053009,-0.84,-0.8410224438902745,-0.5,0
260,0.4550384417488151,-0.8,-0.2537406483790524,-0.5,1
261,0.6253732594159165,0.32,-0.5392768079800498,0.0,1
262,0.2436997186807215,0.36,-0.1066084788029925,0.0,0
263,0.1686568363410367,-0.12,-0.2724438902743141,1.0,0
264,0.7121685835611045,0.56,-0.8884039900249378,1.0,1
265,0.3341322297067661,0.68,0.9694513715710722,0.5,0
266,0.0967764470014424,-0.44,0.4071072319201996,0.5,0
267,0.3455471940422381,0.72,1.0305486284289278,0.5,0
268,0.5493237885746347,-0.4,0.4501246882793017,0.5,0
269,0.5713716538672726,-0.44,-0.2786783042394014,0.5,0
270,0.0908265955502081,-0.36,0.4482543640897754,0.0,0
271,0.3245099435212479,0.76,0.6396508728179555,-0.5,0
272,0.1987133530529613,0.08,0.4145885286783046,0.5,0
273,0.219561851926027,0.44,-0.3908977556109723,-0.5,0
274,0.0184552999064306,-0.8,-0.6278054862842893,-0.5,0
275,0.209964960806189,0.4,0.7637157107231921,-0.5,0
276,0.2578904406043446,0.52,0.438279301745636,-0.5,0
277,0.2312793817004484,0.44,0.3079800498753116,-0.5,0
278,0.2792480146700153,0.6,0.3790523690773066,-0.5,0
279,0.1888796996834313,0.2,-0.2605985037406483,-0.5,0
280,0.106315770075525,-0.28,0.9476309226932672,0.0,0
281,0.1131265365914981,-0.2,-0.5567331670822943,0.0,0
282,0.7061201364682463,-0.52,-0.0118453865336656,1.5,0
283,0.3131671300170482,0.72,1.3977556109725688,-0.5,0
284,0.052298846230459,-0.4,-0.3160847880299252,-0.5,0
285,0.1642630642036164,0.04,0.5448877805486282,0.0,0
286,0.0731617464850067,-0.48,-0.8135910224438901,0.0,0
287,0.2405534770834276,0.52,0.8684538653366588,-0.5,0
288,0.697783318553302,0.52,-0.2961346633416459,-0.5,1
289,0.3690196288190995,0.88,0.1776807980049876,-0.5,0
290,0.3159280274664059,0.68,-0.1184538653366582,-0.5,0
291,0.540395202512733,0.16,0.7462593516209476,0.5,0
292,0.3808264108779022,1.0,0.5941396508728181,-0.5,0
293,0.3304463305953127,0.84,-0.4981296758104739,-0.5,0
294,0.3842704939132034,0.92,-0.2724438902743141,0.0,0
295,0.2132101560557145,0.28,-0.2512468827930175,0.0,0
296,0.5347175155829289,-0.6,-0.2662094763092267,-0.5,0
297,0.3667127811714941,0.92,0.0355361596009975,-0.5,0
298,0.3626647636254002,0.84,-0.2724438902743141,-0.5,0
299,0.3855953085690279,0.96,0.876558603491272,-0.5,0
300,0.2955036467293327,0.4,1.463216957605985,1.5,0
301,0.1517924648128119,-0.2,-0.0592269326683289,1.0,0
302,0.1129839979962679,-0.24,0.7500000000000001,0.5,0
303,0.2162631035068245,0.28,0.4501246882793017,0.0,0
304,0.1306157895493231,-0.12,0.0230673316708232,0.0,0
305,0.0154076416572639,-0.8,-0.2369077306733165,-0.5,0
306,0.321092137085284,0.72,-0.8173316708229427,-0.5,0
307,0.2341824174567939,0.44,-0.515586034912718,-0.5,0
308,0.0729312913987432,-0.36,-0.2537406483790524,-0.5,0
309,0.3383111849850974,-0.24,0.6870324189526182,-0.5,0
310,0.3901285324346711,-0.84,1.0654613466334166,-0.5,0
311,0.704062775738818,0.28,-0.2662094763092267,-0.5,0
312,0.2345431596195002,0.28,1.7649625935162097,1.0,0
313,0.2548189014884668,0.32,0.0118453865336656,1.0,0
314,0.021450892199165,-0.64,1.5180798004987528,-0.5,0
315,0.01456138283918,-0.84,-1.1153366583541149,-0.5,0
316,0.2674997421589012,0.36,0.3198254364089773,0.5,0
317,0.1088183166958297,-0.16,0.0953865336658355,0.0,0
318,0.3814771566249423,-0.8,-1.0018703241895262,-0.5,1
319,0.0442537421950801,-0.72,-0.4158354114713218,0.0,0
320,0.0617264319150733,-0.72,-0.9781795511221943,0.5,0
321,0.2595568900309341,0.4,0.1302992518703244,0.0,0
322,0.3690564973151857,0.68,0.3198254364089773,1.0,0
323,0.2067462460481393,0.12,-0.5922693266832918,0.5,0
324,0.2097209034157213,0.2,0.2842892768079802,0.5,0
325,0.0707623887764262,-0.84,0.0829177057356607,1.0,0
326,0.3685999318442552,0.88,-1.077930174563591,-0.5,0
327,0.3270493706312942,0.72,-0.9357855361596008,-0.5,0
328,0.1954229252320542,0.12,0.4264339152119703,0.0,0
329,0.0080853667358869,-0.76,0.4482543640897754,-0.5,0
330,0.5070945603853267,-0.64,-0.1776807980049876,-0.5,1
331,0.6158159113772745,0.0,-0.6041147132169575,1.0,1
332,0.4597717932443403,1.0,0.0473815461346632,1.0,0
333,0.7759628304751618,0.92,0.2150872817955114,0.0,0
334,0.416320927317277,-0.48,-1.4688279301745637,0.5,1
335,0.5894766098102144,0.64,0.4071072319201996,-0.5,0
336,0.1416763623625175,-0.16,1.69638403990025,0.5,0
337,0.2153059528519639,0.2,-0.9476309226932668,0.5,0
338,0.0041973325565122,-0.8,0.5816708229426433,-0.5,0
339,0.3218658567775085,0.76,1.1614713216957604,-0.5,0
340,0.8744204913925868,0.44,-0.5448877805486286,0.5,0
341,0.0616156645124692,-0.52,-0.8884039900249378,-0.5,0
342,0.1048307231846359,-0.6,0.0592269326683293,1.0,0
343,0.2882973924315375,0.36,0.7344139650872819,1.5,0
344,0.0304697850875814,-0.8,0.9594763092269328,-0.5,0
345,0.2351412067447962,0.36,0.2132169576059851,0.0,0
346,0.2449184029808838,0.4,0.2013715710723194,0.0,0
347,0.2485424508124682,0.28,0.3198254364089773,0.5,0
348,0.1920433830538005,0.28,-1.2319201995012468,-0.5,0
349,0.2218864921611223,0.16,0.5816708229426433,1.0,0
350,0.4636934144557385,-0.72,0.1602244389027431,-0.5,0
351,0.4157767916721071,1.0,-0.515586034912718,0.5,0
352,0.0152857456418407,-0.84,1.0517456359102249,-0.5,0
353,0.2441585299635884,0.48,-1.139027431421446,-0.5,0
354,0.2087509450363134,0.32,2.2175810473815467,0.0,0
355,0.4069086035589054,1.0,0.4027431421446389,-0.5,0
356,0.2742824840002915,0.4,0.3198254364089773,1.0,0
357,0.0641158348898374,-0.32,-1.1639650872817957,-0.5,0
358,0.3080878065451961,0.52,1.0779301745635914,0.5,0
359,0.0918481311445987,-0.24,-0.6764339152119702,-0.5,0
360,0.2224162519113276,0.32,-0.7649625935162093,0.0,0
361,0.1658319197586327,-0.04,-1.0741895261845384,1.0,0
362,0.088530560182766,-0.28,0.0367830423940151,0.0,0
363,0.0149760664661505,-0.8,-1.5280548628428927,-0.5,0
364,0.5538950548153669,0.2,-1.1845386533665836,0.0,1
365,0.3998016042539288,-0.52,-1.5635910224438905,0.5,1
366,0.1186838776858137,-0.56,-0.727556109725686,2.0,0
367,0.030374759357428,-0.8,0.6751870324189525,-0.5,0
368,0.1866168582559634,0.16,0.7362842892768081,0.0,0
369,0.2404451144086912,0.52,0.54426433915212,-0.5,0
370,0.5243142739330038,-0.12,-0.889650872817955,0.5,1
371,0.3986812874161001,1.0,1.1751870324189524,0.0,0
372,0.834416441854845,0.96,-0.3435162094763091,-0.5,1
373,0.0481401692246579,-0.56,0.1066084788029925,-0.5,0
374,0.2352692225227855,0.36,0.0579800498753117,0.5,0
375,0.2598722841833273,0.24,-0.6764339152119702,2.0,0
376,0.1629097121444493,-0.04,-0.3079800498753116,0.0,0
377,0.1859574536595671,-0.84,-0.071072319201995,-0.5,0
378,0.061335011481571,-0.72,-1.6109725685785534,0.0,0
379,0.5302058692025156,-0.48,0.0829177057356607,1.0,0
380,0.6584840962527889,-0.8,0.4195760598503743,-0.5,0
381,0.1134760421984884,-0.4,-1.1845386533665836,0.5,0
382,0.1453585764234105,0.12,-0.353491271820449,-0.5,0
383,0.3453069611285724,0.84,0.0953865336658355,-0.5,0
384,0.0936019678421858,-0.32,-0.1421446384039901,0.0,0
385,0.3837354689483651,0.84,0.4208229426433915,1.0,0
386,0.0339697135799099,-0.68,0.2487531172069826,-0.5,0
387,0.1440729465383328,-0.16,-0.1041147132169577,1.0,0
388,0.3439378703953685,0.52,2.121571072319202,2.0,0
389,0.0532353258205816,-0.52,-0.0355361596009975,-0.5,0
390,0.1084344657579659,-0.32,0.3672069825436409,0.0,0
391,0.0008252234460691,-0.84,1.6552369077306732,-0.5,0
392,0.8145498053638149,0.8,0.8460099750623447,0.0,0
393,0.7492273035164847,0.68,-0.3790523690773066,0.0,1
394,0.1865975904488838,0.24,0.4195760598503743,-0.5,0
395,0.3480896270621189,0.84,-0.0118453865336656,-0.5,0
396,0.3098005394872042,0.68,-0.5093516209476311,-0.5,0
397,0.1435961387758377,0.04,-0.0168329177057354,-0.5,0
398,0.1091559081055853,-0.16,1.1053615960099754,0.0,0
399,0.191610428592339,0.0,-0.0168329177057354,1.5,0
400,0.0872648397653212,-0.36,-0.6988778054862844,0.0,0
401,0.0254187561475541,-0.6,-0.7899002493765588,-0.5,0
402,0.0194194593535489,-0.76,0.0,-0.5,0
403,0.1068789036705325,-0.28,2.094139650872818,0.5,0
404,0.619925846168341,0.8,0.9557356608478802,-0.5,0
405,0.3226321943749571,0.64,0.0504987531172071,0.5,0
406,0.3213970113028596,0.72,0.0947630922693268,-0.5,0
407,0.2842357785780671,0.68,1.230049875311721,-0.5,0
408,0.1967198156601581,0.04,0.4071072319201996,1.0,0
409,0.2776412681598069,0.4,0.8597256857855365,1.0,0
410,0.6303312895535194,0.12,0.0330423940149626,-0.5,1
411,0.4230297162807011,0.92,1.0423940149625934,0.5,0
412,0.3011470018211256,0.68,-0.4738154613466335,-0.5,0
413,0.0152967783054183,-0.8,-0.56857855361596,-0.5,0
414,0.5517109667263591,-0.36,-0.1689526184538654,0.0,1
415,0.3628925980980023,0.84,-0.1290523690773067,0.0,0
416,0.3454623629190051,0.68,0.5093516209476311,0.5,0
417,0.6646600212082006,-0.44,-0.6751870324189525,0.0,0
418,0.0323595773629005,-0.84,-0.703865336658354,0.0,0
419,0.0412331191439423,-0.48,0.3659600997506237,-0.5,0
420,0.0324307821946188,-0.84,0.0473815461346632,-0.5,0
421,0.0186678574607211,-0.8,0.0081047381546136,-0.5,0
422,0.592393931808952,0.32,0.4501246882793017,-0.5,0
423,0.7274278741979867,0.6,-0.5779301745635909,1.0,1
424,0.8319635804504151,0.88,-0.1776807980049876,0.0,1
425,0.0423531901118393,-0.56,0.7344139650872819,-0.5,0
426,0.0123663760263191,-0.72,0.8871571072319205,-0.5,0
427,0.0210612033496324,-0.64,0.3522443890274317,-0.5,0
428,0.4327705042772207,0.96,1.4451371571072325,1.0,0
429,0.2453550439921125,0.4,0.9694513715710722,0.5,0
430,0.0150015020104169,-0.84,0.2013715710723194,-0.5,0
431,0.2626069005357268,0.48,1.2175810473815465,0.0,0
432,0.2531007594079633,0.36,0.5692019950124686,1.0,0
433,0.0967033261833058,-0.32,0.1658354114713219,-0.5,0
434,0.3404242331551458,0.6,-1.0305486284289278,1.0,0
435,0.0039597682311287,-0.8,-0.1290523690773067,-0.5,0
436,0.2800550122578004,0.56,0.1776807980049876,0.0,0
437,0.0187970591113683,-0.8,0.3946384039900248,-0.5,0
438,0.7013654893383885,0.88,-0.5804239401496261,-0.5,0
439,0.0322209337071967,-0.84,-0.5804239401496261,-0.5,0
440,0.3433835986123473,0.88,1.703865336658354,-0.5,0
441,0.5043401604986741,-0.72,-0.5031172069825437,1.5,1
442,0.0253410582507515,-0.76,-0.2250623441396508,-0.5,0
443,0.1142327623836731,-0.32,-0.7649625935162093,0.5,0
444,0.2070732785436977,0.24,-0.1290523690773067,0.5,0
445,0.2125643397009617,0.2,-0.717581047381546,0.5,0
446,0.3702737033973446,0.92,1.180174563591023,-0.5,0
447,0.1713741848283614,0.16,-0.4619700748129673,-0.5,0
448,0.6325526014506488,0.48,-0.8135910224438901,0.0,1
449,0.9422955114246144,-0.8,0.064214463840399,-0.5,1
450,0.1454983534795307,-0.04,-0.1003740648379052,0.0,0
451,0.1701596638257605,-0.08,0.1421446384039901,1.0,0
452,0.0456177056406859,-0.68,0.2013715710723194,0.0,0
453,0.058625634277334,-0.72,-0.7462593516209476,0.5,0
454,0.0576396898547508,-0.6,-0.5567331670822943,-0.5,0
455,0.3098382745248788,0.72,-0.1290523690773067,-0.5,0
456,0.3190650204563333,0.68,0.2961346633416459,0.0,0
457,0.0412743803162457,-0.48,0.4894014962593513,-0.5,0
458,0.2470528928080169,0.48,-0.9120947630922692,-0.5,0
459,0.0040306207492255,-0.8,0.0829177057356607,-0.5,0
460,0.5984919729659053,0.0,-0.1789276807980048,0.0,1
461,0.3070639921563173,0.76,0.7437655860349132,-0.5,0
462,0.797650478027667,-0.76,0.6951371571072323,0.0,0
463,0.2186320153216786,0.24,0.0947630922693268,0.5,0
464,0.1235013991543291,-0.16,0.1577306733167083,0.0,0
465,0.0820331638898711,-0.32,0.1421446384039901,-0.5,0
466,0.735651871396557,0.44,-0.2961346633416459,-0.5,0
467,0.0861235565189952,-0.28,1.8061097256857856,-0.5,0
468,0.2621942243467956,0.48,0.5211970074812967,-0.5,0
469,0.1282044621728525,-0.04,0.996882793017456,-0.5,0
470,0.310658486122281,-0.84,0.516832917705736,-0.5,0
471,0.6877703492442351,-0.8,0.1066084788029925,0.5,0
472,0.2620359125957699,0.48,-0.4906483790523689,0.0,0
473,0.2165165054539003,0.28,1.208229426433915,0.0,0
474,0.0175745278463004,-0.84,-0.5330423940149625,-0.5,0
475,0.3874431215519384,0.92,0.2487531172069826,-0.5,0
476,0.3539331277742767,0.8,-0.0043640897755611,0.5,0
477,0.5424979604264608,-0.08,0.8048628428927679,-0.5,0
478,0.3810756450297958,1.0,1.3397755610972566,-0.5,0
479,0.1482791439052452,-0.04,-0.2132169576059851,0.0,0
480,0.1454381843098037,-0.24,1.1427680798004989,1.0,0
481,0.2309741746589411,0.28,0.0579800498753117,0.5,0
482,0.2132239097798156,0.28,-0.2100997506234412,0.0,0
483,0.7863090773760499,0.56,0.2013715710723194,-0.5,0
484,0.1521567301117334,-0.2,1.0305486284289278,1.0,0
485,0.0580047407380879,-0.76,0.2562344139650873,0.5,0
486,0.3827574193493177,0.96,0.8185785536159599,-0.5,0
487,0.273144283123352,0.6,0.0592269326683293,-0.5,0
488,0.6802011657407079,0.4,-0.4856608478802992,0.5,1
489,0.0643751272208235,-0.44,0.7107231920199505,-0.5,0
490,0.3123311857424368,0.6,2.115336658354116,0.5,0
491,0.0627192651933622,-0.56,-0.1421446384039901,-0.5,0
492,0.3678659471317099,0.96,0.1327930174563592,-0.5,0
493,0.0854863006356418,-0.28,-0.1003740648379052,-0.5,0
494,0.3548695923723303,0.92,-1.03927680798005,-0.5,0
495,0.3018138205653412,0.52,0.2487531172069826,0.5,0
496,0.5024450034613839,-0.56,1.4451371571072325,-0.5,0
497,0.0817307663620944,-0.44,-0.7400249376558602,0.5,0
498,0.2162670629122475,0.28,0.4619700748129673,0.0,0
499,0.084354555343614,-0.2,0.5579800498753119,-0.5,0
500,0.0157283534965317,-0.8,0.7225685785536162,-0.5,0
501,0.2420309005072299,0.28,-1.2200748129675811,0.5,0
502,0.2939062987471808,0.6,0.3672069825436409,-0.5,0
503,0.0411426779884892,-0.48,0.0953865336658355,-0.5,0
504,0.2379797975933357,0.44,1.874688279301746,0.0,0
505,0.0503549085987374,-0.84,0.2973815461346631,0.5,0
506,0.0301807484916981,-0.8,0.0947630922693268,-0.5,0
507,0.1574672013034368,-0.04,1.350374064837905,0.0,0
508,0.1839481650293733,0.08,0.1066084788029925,0.5,0
509,0.3127654460131082,0.4,0.2699501246882792,2.0,0
510,0.0791406765532745,-0.32,-0.0791770573566082,-0.5,0
511,0.0329097263269465,-0.84,0.9420199501246884,0.0,0
512,0.1088952799812512,-0.36,1.6689526184538652,0.5,0
513,0.9144600535436946,0.92,0.8884039900249378,0.0,0
514,0.3628735296854404,0.72,0.5685785536159604,0.5,0
515,0.332854647564328,0.76,-0.3198254364089773,-0.5,0
516,0.0162851559408002,-0.68,-0.3609725685785536,-0.5,0
517,0.2579432276792957,0.52,0.0579800498753117,0.0,0
518,0.062505457300517,-0.56,-0.7817955112219451,-0.5,0
519,0.3535765084305455,0.8,-0.5330423940149625,0.0,0
520,0.1569488760042583,0.0,1.9569825436408976,0.5,0
521,0.4948691760725582,-0.28,-0.7587281795511224,0.0,0
522,0.0036263446165553,-0.8,-1.1265586034912718,-0.5,0
523,0.1096738331165215,-0.24,-0.1826683291770573,0.0,0
524,0.0821366211596304,-0.72,-1.1845386533665836,1.0,0
525,0.3752144266904931,0.88,0.769950124688279,-0.5,0
526,0.1455717066747368,-0.04,0.1190773067331673,0.0,0
527,0.3214469933617007,0.76,-0.0916458852867829,-0.5,0
528,0.2190699711373586,0.32,-1.2674563591022443,0.0,0
529,0.043314989807297,-0.76,0.1739401496259351,0.5,0
530,0.4268910870653582,-0.72,-0.9831670822942642,0.0,1
531,0.1375459514036101,0.08,1.3123441396508728,-0.5,0
532,0.2309411846111053,0.28,0.4975062344139653,0.0,0
533,0.1954496635871167,0.12,-0.031795511221945,0.5,0
534,0.1341181977298643,-0.2,0.438279301745636,0.0,0
535,0.1894885710825459,0.16,0.3572319201995015,0.5,0
536,0.969989802484618,0.52,0.9713216957605983,0.5,0
537,0.0153270068141442,-0.84,1.1751870324189524,-0.5,0
538,0.2414401275338129,0.48,0.236907730673317,-0.5,0
539,0.2983020273496056,0.68,-0.5529925187032417,-0.5,0
540,0.4486602608894061,1.0,1.1614713216957604,1.0,0
541,0.4901540021608548,-0.8,-0.1776807980049876,-0.5,1
542,0.2447211823131809,0.48,0.54426433915212,-0.5,0
543,0.073063738832329,-0.48,-0.56857855361596,-0.5,0
544,0.7363176149095838,0.8,-0.7581047381546133,-0.5,1
545,0.099344054703589,-0.44,-0.3435162094763091,0.5,0
546,0.2226567336933386,0.32,-0.0455112219451369,0.0,0
547,0.1634036603394328,-0.04,0.6315461346633414,0.5,0
548,0.0325574831681567,-0.84,0.4264339152119703,-0.5,0
549,0.1688456014818232,-0.2,-1.3385286783042394,1.0,0
550,0.0227338564943743,-0.76,0.4071072319201996,-0.5,0
551,0.3159201086555597,0.68,-0.1421446384039901,-0.5,0
552,0.6651882997419885,0.4,-0.515586034912718,0.5,1
553,0.9990109702096164,-0.8,0.4208229426433915,-0.5,1
554,0.2876009583542181,0.64,0.918329177057357,-0.5,0
555,0.0760839136206038,-0.36,0.2076059850374063,0.0,0
556,0.2416810305929629,0.4,-1.0517456359102244,0.0,0
557,0.330057602737403,0.8,-0.1184538653366582,-0.5,0
558,0.0783962513638772,-0.4,-0.4619700748129673,-0.5,0
559,0.1687122680169595,-0.12,-0.1066084788029925,1.0,0
560,0.305983359924816,-0.24,1.5866583541147137,0.0,0
561,0.3071598514455072,0.76,1.0305486284289278,-0.5,0
562,0.2687769764853385,0.56,0.7936408977556113,0.0,0
563,0.0256646560633019,-0.6,-0.0542394014962591,-0.5,0
564,0.0673082670517221,-0.4,0.7225685785536162,-0.5,0
565,0.1814485928355582,0.04,-0.876558603491272,0.5,0
566,0.2479529926435026,0.48,1.2425187032418958,0.0,0
567,0.3984609549748258,1.0,1.0542394014962593,-0.5,0
568,0.0475919632327543,-0.8,-0.6514962593516207,0.0,0
569,0.7134177635286623,-0.16,1.0423940149625934,0.5,0
570,0.5705216566268627,0.0,-0.4145885286783041,-0.5,1
571,0.3546308406750819,0.68,0.4894014962593513,1.5,0
572,0.1662431282240088,-0.24,1.5791770573566084,2.0,0
573,0.9494652612337589,0.12,-0.1776807980049876,1.0,1
574,0.3604690356940204,0.88,0.5211970074812967,-0.5,0
575,0.1002893706191806,-0.64,0.6514962593516211,1.0,0
576,0.5302476392056408,0.16,0.6951371571072323,0.5,0
577,0.2704348054722527,0.36,0.1302992518703244,1.0,0
578,0.149971510121516,0.0,-0.438279301745636,0.0,0
579,0.2137992094388171,0.04,-0.7936408977556109,1.0,0
580,0.0177012288198383,-0.84,-0.1539900249376558,-0.5,0
581,0.3390929988953753,0.76,0.4027431421446389,-0.5,0
582,0.2602327624856191,0.4,1.6140897755610977,0.5,0
583,0.2835850927993029,0.56,1.230049875311721,0.0,0
584,0.2146489119351504,0.36,0.1739401496259351,-0.5,0
585,0.2220522744601309,0.24,0.8185785536159599,0.5,0
586,0.3335032854264667,0.8,0.6814214463840403,-0.5,0
587,0.7059928735919625,0.52,-0.5529925187032417,0.5,1
588,0.0686172036072681,-0.52,1.5791770573566084,0.0,0
589,0.0880585723704545,-0.48,0.4264339152119703,0.5,0
590,0.7577107528614964,0.36,0.769950124688279,0.0,0
591,0.3979651987363209,0.72,-0.1184538653366582,1.5,0
592,0.1593282073070678,-0.08,2.094139650872818,1.0,0
593,0.6317826750517228,0.72,-0.717581047381546,0.0,0
594,0.1207364898273069,-0.28,0.2250623441396508,0.0,0
595,0.0004355345965364,-0.84,0.4894014962593513,-0.5,0
596,0.7770701258015393,1.0,-0.8410224438902745,-0.5,1
597,0.2273272039538547,0.4,-0.1290523690773067,0.0,0
598,0.1612655484284292,0.04,0.0093516209476308,0.0,0
599,0.1114123134378313,-0.36,0.2288029925187033,1.0,0
600,0.0846068868569631,-0.4,0.1776807980049876,-0.5,0
601,0.0982837196346249,-0.12,-0.0043640897755611,-0.5,0
602,0.1518230906113664,0.08,0.1602244389027431,-0.5,0
603,0.1829305978356471,0.24,-1.0423940149625934,-0.5,0
604,0.3407375554036032,0.64,1.3809226932668333,1.0,0
605,0.3370718775948179,0.68,0.7936408977556113,1.0,0
606,0.2709039672795575,0.4,-0.8173316708229427,0.5,0
607,0.043878640628685,-0.72,-1.5380299251870326,0.0,0
608,0.0036096734358266,-0.8,-1.17643391521197,-0.5,0
609,0.2621092777846313,0.56,-0.6751870324189525,-0.5,0
610,0.1092666395272237,-0.24,-1.4008728179551122,0.0,0
611,0.303514526869597,0.56,-0.4145885286783041,0.5,0
612,0.1981283430308681,0.12,-0.4501246882793017,0.5,0
613,0.1294377817307732,0.04,1.490648379052369,-0.5,0
614,0.7530428126625448,0.32,-0.7026184538653365,0.0,0
615,0.0294516047182332,-0.72,-0.2961346633416459,-0.5,0
616,0.2082791506216921,0.32,0.806109725685786,0.0,0
617,0.0371909799881035,-0.76,0.3316708229426439,0.0,0
618,0.0369133088797296,-0.6,-0.7581047381546133,-0.5,0
619,0.0736447939466199,-0.48,0.6315461346633414,0.0,0
620,0.0623481545157351,-0.52,1.3029925187032425,-0.5,0
621,0.8414930930143851,0.56,0.3198254364089773,0.5,0
622,0.2954748454655757,0.68,0.4975062344139653,-0.5,0
623,0.0713244204543621,-0.64,1.188902743142145,0.5,0
624,0.0269460971643008,-0.72,0.6402743142144637,-0.5,0
625,0.2524610942991215,0.44,1.8715710723192016,-0.5,0
626,0.251340129803912,0.56,1.463216957605985,-0.5,0
627,0.1278362929391633,-0.2,-0.4145885286783041,0.0,0
628,0.2341479521893684,0.32,-0.0236907730673313,0.0,0
629,0.1275274593161647,-0.24,0.3946384039900248,0.5,0
630,0.2741320265942153,0.4,-0.1302992518703239,1.0,0
631,0.1496615415988941,-0.32,0.0947630922693268,1.0,0
632,0.1303450267863446,-0.12,-0.2487531172069826,-0.5,0
633,0.0181603759250507,-0.84,0.6814214463840403,0.0,0
634,0.269417875441459,0.44,-0.7724438902743143,0.5,0
635,0.2155549261418569,0.16,0.1184538653366582,0.5,0
636,0.0258636997665953,-0.76,1.3385286783042394,-0.5,0
637,0.0400476572686853,-0.6,-0.889650872817955,-0.5,0
638,0.3305780329230692,0.84,-0.1041147132169577,-0.5,0
639,0.2532195535643103,0.4,-0.8884039900249378,0.0,0
640,0.3595317300408958,0.84,-0.6751870324189525,0.0,0
641,0.2916335340692414,0.48,0.8647132169576063,0.5,0
642,0.3331159683222499,0.76,0.4619700748129673,-0.5,0
643,0.2624753421318327,0.48,1.3622194513715709,-0.5,0
644,0.3041191300266671,0.56,0.8559850374064841,1.0,0
645,0.3555364396014771,0.92,0.9557356608478802,-0.5,0
646,0.0042390105083339,-0.8,0.7063591022443889,-0.5,0
647,0.2693853021731414,0.44,-0.3316708229426434,0.0,0
648,0.166196441421934,0.08,-0.1658354114713215,0.0,0
649,0.4658288769683083,-0.4,-0.9950124688279304,0.0,1
650,0.0328544385748861,-0.84,1.314837905236908,-0.5,0
651,0.1696946383302929,0.08,0.791147132169576,0.0,0
652,0.5469144221607893,-0.16,-0.6627182044887778,1.0,1
653,0.2681643105935599,0.56,-1.03927680798005,0.0,0
654,0.0933422137554745,-0.6,0.0455112219451374,1.0,0
655,0.2496292363887702,0.36,-0.3079800498753116,0.0,0
656,0.3863560556239461,0.8,0.2948877805486287,1.0,0
657,0.2537263574584618,0.4,0.6278054862842898,0.0,0
658,0.0708362397083231,-0.52,-0.752493765586035,0.5,0
659,0.2243596033531513,0.24,-0.71072319201995,0.5,0
660,0.5134670172727915,-0.48,-0.0729426433915213,-0.5,1
661,0.0790373152327567,-0.32,-0.3884039900249375,-0.5,0
662,0.2310378579696418,0.44,-0.4145885286783041,-0.5,0
663,0.2635151755464386,0.44,0.0473815461346632,0.0,0
664,0.3183108576182787,-0.2,-0.3410224438902742,0.5,0
665,0.0151542397101881,-0.8,-0.9950124688279304,-0.5,0
666,0.2229330585139163,0.32,0.7811720698254365,0.0,0
667,0.0581882481602759,-0.44,0.1421446384039901,-0.5,0
668,0.5522289367135023,-0.08,-0.4158354114713218,-0.5,1
669,0.0235220870101844,-0.72,-0.0947630922693264,-0.5,0
670,0.3924522491583159,1.0,1.0187032418952622,-0.5,0
671,0.3211873397218517,0.76,-0.8684538653366584,-0.5,0
672,0.4799426694885858,-0.6,0.4856608478802997,1.5,0
673,0.1172198586709049,-0.32,-0.2605985037406483,0.5,0
674,0.205809357174533,0.0,-0.8647132169576058,1.0,0
675,0.6579583354870688,0.32,-0.2375311720698256,-0.5,1
676,0.1291372986902079,-0.36,0.9594763092269328,1.0,0
677,0.084072053790608,-0.68,0.6041147132169575,0.5,0
678,0.0388318904251505,-0.64,0.6814214463840403,0.0,0
679,0.5372858318102565,-0.24,-0.3285536159600995,0.0,1
680,0.058437129998548,-0.48,-0.4619700748129673,-0.5,0
681,0.2390693597008165,0.24,-0.56857855361596,0.5,0
682,0.3214524429787824,0.72,0.2605985037406483,-0.5,0
683,0.2081166066095876,0.32,0.3198254364089773,0.0,0
684,0.1777690008875334,0.12,-0.0916458852867829,0.0,0
685,0.3957053797099635,1.0,1.2425187032418958,-0.5,0
686,0.1742488705822266,-0.04,-1.27930174563591,0.5,0
687,0.8041570008924868,0.88,0.7936408977556113,1.0,0
688,0.3007081045035122,0.56,-0.378428927680798,0.5,0
689,0.3500748774388614,0.2,0.841022443890274,-0.5,0
690,0.4985352373784686,-0.8,-0.1066084788029925,-0.5,1
691,0.1840986224354495,0.08,0.5567331670822947,0.5,0
692,0.2830088186558164,0.48,0.4482543640897754,1.0,0
693,0.1758516651830465,0.04,0.3198254364089773,0.5,0
694,0.1896955500879613,0.24,1.255610972568579,-0.5,0
695,0.1442988410372063,-0.16,0.5716957605985039,1.0,0
696,0.2622993292449381,0.56,-0.1066084788029925,-0.5,0
697,0.5138484305002358,-0.36,-0.6652119700748131,1.0,1
698,0.0007472856761625,-0.84,1.4220698254364093,-0.5,0
699,0.2477975338832078,0.48,0.777431421446384,0.0,0
700,0.7015805577643952,0.44,-0.2662094763092267,0.0,1
701,0.0968080023082748,-0.32,-0.0592269326683289,0.0,0
702,0.1586851764787354,-0.16,-0.2537406483790524,1.0,0
703,0.3483945012796945,0.84,0.9002493765586034,-0.5,0
704,0.0238507176602983,-0.72,0.8884039900249378,-0.5,0
705,0.1225663093290029,-0.4,-0.9002493765586034,1.0,0
706,0.3698869320044395,0.92,0.0230673316708232,-0.5,0
707,0.1361385139563164,0.0,1.5043640897755608,-0.5,0
708,0.0039139224841249,-0.8,-0.2662094763092267,-0.5,0
709,0.0482756105744232,-0.68,-0.8173316708229427,-0.5,0
710,0.6018999101228462,0.56,-1.1016209476309229,-0.5,1
711,0.182531975212197,0.0,0.2724438902743145,0.5,0
712,0.5153933931948858,-0.48,-0.1539900249376558,-0.5,1
713,0.0942788822456665,-0.36,1.8061097256857856,0.5,0
714,0.1078724385776507,-0.36,-0.8528678304239402,0.0,0
715,0.3216178729641695,0.76,0.4195760598503743,-0.5,0
716,0.5032133880759337,-0.24,-0.6159600997506232,-0.5,1
717,0.1776514690633963,0.12,-0.4432668329177057,0.0,0
718,0.3955499209496686,1.0,0.777431421446384,-0.5,0
719,0.0294206191100227,-0.72,-0.9270573566084788,0.0,0
720,0.0208090517411112,-0.64,-0.4021197007481294,-0.5,0
721,0.1981946709425406,0.24,0.7581047381546133,-0.5,0
722,0.8202119299263138,0.04,1.456982543640898,0.0,0
723,0.0304341504387739,-0.8,0.8528678304239407,-0.5,0
724,0.0002888282061241,-0.84,0.0504987531172071,-0.5,0
725,0.0656028562362139,-0.56,-0.4856608478802992,0.0,0
726,0.248659838712743,0.28,0.1327930174563592,1.0,0
727,0.1570904880896242,-0.24,1.646508728179551,1.0,0
728,0.2965982356775495,0.6,-1.0879052369077304,0.5,0
729,0.0991579626487053,-0.44,-0.9002493765586034,0.5,0
730,0.1338021709121592,-0.12,0.5854114713216958,0.5,0
731,0.0226696724485689,-0.76,0.2150872817955114,-0.5,0
732,0.0515993087948565,-0.6,-0.6870324189526182,-0.5,0
733,0.0742323930990295,-0.64,0.918329177057357,1.0,0
734,0.6680295591788101,0.32,-0.4501246882793017,0.0,1
735,0.1896210110200972,0.24,0.4943890274314219,0.0,0
736,0.0467475319478816,-0.52,-1.5043640897755608,-0.5,0
737,0.0149923328610162,-0.84,0.1739401496259351,-0.5,0
738,0.2128073221600821,0.2,0.0093516209476308,0.5,0
739,0.3418710727581869,0.84,-0.6751870324189525,-0.5,0
740,0.4481792328594872,1.0,0.2605985037406483,0.5,0
741,0.5892408994040834,-0.12,-0.2132169576059851,0.0,1
742,0.1497893774720553,0.0,-0.9831670822942642,0.0,0
743,0.3679618064208998,0.96,0.4195760598503743,-0.5,0
744,0.1242690110776427,-0.12,-0.4856608478802992,-0.5,0
745,0.1078788102069759,-0.44,-0.7344139650872819,0.5,0
746,0.318493318893892,0.76,0.5804239401496261,-0.5,0
747,0.1276000149333001,-0.12,0.5093516209476311,0.0,0
748,0.1810579100118508,0.12,0.777431421446384,0.5,0
749,0.0983587399479039,-0.12,0.2200748129675811,-0.5,0
750,0.3159082304392905,0.68,-0.1776807980049876,-0.5,0
751,0.1583287655247634,-0.16,-0.7817955112219451,0.5,0
752,0.3448267501664142,0.8,0.2013715710723194,-0.5,0
753,0.0121267278033445,-0.72,0.170199501246883,-0.5,0
754,0.3358841759044522,0.8,-0.6278054862842893,-0.5,0
755,0.7919422222691705,0.72,0.0093516209476308,-0.5,1
756,0.2683634667373709,0.56,0.0947630922693268,-0.5,0
757,0.262386007391072,0.48,0.5567331670822947,0.0,0
758,0.0394645617338035,-0.64,2.574189526184539,0.0,0
759,0.0555381825794191,-0.48,-0.7026184538653365,-0.5,0
760,0.2842423825844618,0.64,0.3790523690773066,-0.5,0
761,0.3897262127670055,0.88,0.3198254364089773,0.5,0
762,0.31806590700034,0.56,-0.7462593516209476,0.5,0
763,0.6891865708445977,0.4,-0.7344139650872819,1.0,1
764,0.0225921514581806,-0.76,-0.0168329177057354,-0.5,0
765,0.4406502442923161,-0.56,-0.6988778054862844,-0.5,1
766,0.5126174434084101,-0.56,0.311097256857855,0.0,0
767,0.2951510242711972,0.72,-0.2038653366583538,-0.5,0
768,0.1807809075497543,-0.04,-0.2163341645885286,1.0,0
769,0.3342576158758526,0.64,0.4738154613466331,0.5,0
770,0.1300163961362307,-0.12,-1.2319201995012468,-0.5,0
771,0.2296963406497438,0.48,-0.5405236907730675,-0.5,0
772,0.1642677132442135,0.04,0.0205735660847879,0.5,0
773,0.0005868255616491,-0.84,0.9420199501246884,-0.5,0
774,0.3134618576023241,0.72,1.7412718204488784,0.0,0
775,0.36004141990833,0.88,-0.7581047381546133,-0.5,0
776,0.0980414777837132,-0.56,-0.6776807980049874,1.0,0
777,0.219961960263515,0.44,0.806109725685786,-0.5,0
778,0.0680787244697321,-0.52,-0.031795511221945,0.0,0
779,0.1452735534016943,0.12,-0.6078553615960101,-0.5,0
780,0.1717237189202828,0.16,0.0455112219451374,0.0,0
781,0.2329547319184036,0.2,-0.9831670822942642,1.0,0
782,0.0470223215805936,-0.64,-0.201371571072319,-0.5,0
783,0.7501577487988347,0.4,-0.3285536159600995,0.0,0
784,0.1658696937756866,-0.24,0.4619700748129673,2.0,0
785,0.1547289793584426,0.08,-0.116583541147132,0.0,0
786,0.1556200179874244,-0.08,-0.0293017456359101,0.5,0
787,0.0695988842854275,-0.68,0.6315461346633414,1.0,0
788,0.0499890601373295,-0.64,-0.2961346633416459,0.0,0
789,0.0438960809025534,-0.72,-0.9476309226932668,-0.5,0
790,0.1126236351329074,-0.56,-0.3790523690773066,1.5,0
791,0.557639625388854,-0.28,-0.1003740648379052,0.0,1
792,0.7824829568435512,0.72,-0.0947630922693264,-0.5,1
793,0.1244432249162573,-0.12,0.0355361596009975,-0.5,0
794,0.0168127988108626,-0.68,1.2175810473815465,-0.5,0
795,0.3245260854819409,0.72,0.4856608478802997,0.0,0
796,0.8458258246430281,1.0,-0.3553615960099748,-0.5,1
797,0.1835610847998467,-0.12,-0.0866583541147132,1.5,0
798,0.2788837493710939,0.6,-0.71072319201995,-0.5,0
799,0.3727967156910421,0.92,0.2961346633416459,-0.5,0
800,0.3580708488660288,0.88,1.7786783042394017,-0.5,0
801,0.5599891779450077,0.16,-1.208229426433915,0.5,1
802,0.0329732732098194,-0.8,-0.5211970074812967,0.0,0
803,0.015372852561148,-0.84,1.3123441396508728,-0.5,0
804,0.0298481584361612,-0.8,-0.9002493765586034,-0.5,0
805,0.2268895209938304,0.4,-0.9002493765586034,-0.5,0
806,0.106126231343978,-0.52,-0.3079800498753116,1.0,0
807,0.2100062219784924,0.4,0.8871571072319205,-0.5,0
808,0.3454986797069521,0.84,0.6689526184538657,-0.5,0
809,0.1032149244631649,-0.52,-0.0473815461346632,0.5,0
810,0.1116923008208658,-0.48,0.3553615960099752,1.0,0
811,0.195252110095482,0.2,0.3248129675810479,0.0,0
812,0.4212230205462317,0.96,1.2549875311720695,1.0,0
813,0.4909732317777375,-0.28,-0.6402743142144637,-0.5,1
814,0.045491004667148,-0.68,-0.1776807980049876,0.0,0
815,0.9778071113266156,-0.84,0.2487531172069826,-0.5,1
816,0.397614711148811,0.8,-0.3790523690773066,1.0,0
817,0.1950503888086651,0.2,-0.2786783042394014,0.0,0
818,0.1240034220776764,-0.24,-0.6396508728179551,0.5,0
819,0.0405223691399341,-0.6,0.530548628428928,-0.5,0
820,0.619245858390715,0.16,-0.3553615960099748,-0.5,1
821,0.3574123372272463,0.88,-0.1913965087281795,-0.5,0
822,0.1236351853796767,-0.16,0.5579800498753119,0.0,0
823,0.3696818764814769,0.92,-0.5903990024937655,-0.5,0
824,0.3700236356864146,0.92,0.432044887780549,-0.5,0
825,0.130922383357213,-0.04,0.1577306733167083,0.0,0
826,0.0959053733107487,-0.2,0.7581047381546133,-0.5,0
827,0.1537754837700043,0.16,-0.8148379052369078,-0.5,0
828,0.7259597260674338,0.44,0.2961346633416459,0.5,0
829,0.0537224331344802,-0.8,-0.7899002493765588,0.5,0
830,0.3271405014219212,0.72,-1.201371571072319,0.0,0
831,0.3702720362792718,0.92,1.1751870324189524,-0.5,0
832,0.1549544570777979,0.08,0.5579800498753119,0.0,0
833,0.054127090065703,-0.52,2.094139650872818,0.0,0
834,0.1534115662870837,0.0,0.3447630922693268,0.0,0
835,0.2691105200364639,0.28,-0.4906483790523689,2.0,0
836,0.1866892819428915,0.24,0.6938902743142142,-0.5,0
837,0.1064892148209999,-0.28,0.9283042394014964,0.5,0
838,0.3331823651974397,0.8,-0.2786783042394014,-0.5,0
839,0.9291121551914456,0.2,0.0,0.5,0
840,0.2351932352210559,0.0,-0.6870324189526182,2.0,0
841,0.0354450980823281,-0.84,-0.4432668329177057,0.5,0
842,0.2508404111615702,0.56,-0.031795511221945,-0.5,0
843,0.0,-0.84,-0.8135910224438901,-0.5,0
844,0.2526970559723289,0.44,2.0392768079800505,0.0,0
845,0.0328504791694631,-0.84,1.3029925187032425,-0.5,0
846,0.0151898743589957,-0.8,-0.8884039900249378,-0.5,0
847,0.3556418848195859,0.92,1.2711970074812968,-0.5,0
848,0.3164003031264421,0.68,0.7562344139650871,0.0,0
849,0.1810508247600412,0.12,0.7562344139650871,0.5,0
850,0.1570240087580548,0.12,0.1895261845386533,-0.5,0
851,0.5640491336756468,-0.56,-0.0043640897755611,1.0,1
852,0.3122247915263602,0.72,-1.4214463840399,-0.5,0
853,0.1021052564919474,-0.36,-0.1658354114713215,0.0,0
854,0.5663331948775783,-0.2,-0.2369077306733165,0.0,1
855,0.082572124272822,-0.32,1.216334164588529,0.0,0
856,0.3444581707497171,-0.6,-0.3672069825436409,0.0,0
857,0.8199775745033793,0.36,0.8647132169576063,0.0,0
858,0.0482215086950207,-0.8,1.2319201995012472,0.0,0
859,0.0669069083756794,-0.4,-0.4781795511221946,-0.5,0
860,0.4003722308850228,0.96,0.6814214463840403,0.0,0
861,0.251228071584167,0.28,-0.6159600997506232,1.0,0
862,0.7599546781958235,0.52,0.876558603491272,0.5,0
863,0.1086766116596361,-0.16,-0.3285536159600995,0.0,0
864,0.6850028990613588,0.48,-0.6159600997506232,0.5,1
865,0.1917830877533982,0.2,-0.5448877805486286,0.0,0
866,0.064705609391459,-0.72,-0.4975062344139649,0.5,0
867,0.2241300492902347,0.0,0.5716957605985039,2.0,0
868,0.2872710848615841,0.44,-0.1963840399002493,1.0,0
869,0.1160536810940034,-0.2,-0.7699501246882794,-0.5,0
870,0.0421560414060676,-0.68,-1.1845386533665836,-0.5,0
871,0.019113811545213,-0.8,1.342269326683292,-0.5,0
872,0.0360033907382553,-0.52,0.7088528678304242,-0.5,0
873,0.4502684466382385,-0.4,-0.8528678304239402,-0.5,1
874,0.2003626035779933,0.36,1.2986284289276808,-0.5,0
875,0.0534027272630423,-0.52,-0.0729426433915213,0.0,0
876,0.2573476842295226,0.24,1.27930174563591,1.0,0
877,0.1129551322666142,-0.12,0.0230673316708232,-0.5,0
878,0.7314702346367641,0.6,-0.5330423940149625,0.0,0
879,0.1013003712866845,-0.2,-1.0423940149625934,-0.5,0
880,0.542055348673832,-0.32,-0.4781795511221946,1.0,1
881,0.4699875116964749,-0.48,0.1066084788029925,0.0,0
882,0.1137354109890264,-0.76,0.0473815461346632,2.0,0
883,0.1949795362905683,0.2,-0.4906483790523689,0.0,0
884,0.2185295835094389,0.16,0.0473815461346632,1.0,0
885,0.8161177116210221,0.24,-0.2605985037406483,0.0,0
886,0.1018546880459127,-0.2,0.6159600997506232,-0.5,0
887,0.4032871628481201,-0.6,-1.149002493765586,-0.5,1
888,0.0676752818960982,-0.52,-1.2387780548628429,0.0,0
889,0.1805941258596965,-0.04,-0.2369077306733165,0.5,0
890,0.2697537997331418,0.44,0.2325436408977558,0.5,0
891,0.1308086025487398,-0.04,-0.1826683291770573,0.0,0
892,0.4587159527976626,-0.48,-1.208229426433915,1.0,1
893,0.2058291542016483,0.0,-0.8054862842892769,1.0,0
894,0.1887995655754162,0.0,0.54426433915212,1.0,0
895,0.3827803422228196,0.96,0.8871571072319205,-0.5,0
896,0.1628101573102508,-0.24,0.8173316708229427,1.0,0
897,0.1243125645372964,-0.12,-0.3553615960099748,-0.5,0
898,0.4869391688494693,-0.36,-0.8410224438902745,0.5,1
899,0.9999999999999998,-0.6,0.3697007481296762,-0.5,1
900,0.0255187832319261,-0.6,-0.4906483790523689,-0.5,0
901,0.6029902611129978,0.36,-0.0168329177057354,-0.5,0
902,0.2250509611159071,0.32,-1.3148379052369077,0.0,0
903,0.09929288677209,-0.4,0.2487531172069826,0.5,0
904,0.0994390804337425,-0.44,-0.0592269326683289,0.5,0
905,0.7134229984593161,0.32,-0.1895261845386533,1.0,1
906,0.6632371578214293,-0.56,-0.5922693266832918,0.5,0
907,0.2649352767944171,0.48,-0.2487531172069826,0.0,0
908,0.2143017345964759,0.36,-0.8647132169576058,-0.5,0
909,0.5290960153296425,0.16,-1.1976309226932669,0.5,1
910,0.2291800137933631,0.36,0.3198254364089773,0.0,0
911,0.127782264520899,-0.04,-0.2662094763092267,-0.5,0
912,0.3299190235475959,0.8,-0.5330423940149625,-0.5,0
913,0.0475959226381774,-0.8,-0.6396508728179551,0.0,0
914,0.0859361016850392,-0.52,0.5567331670822947,0.5,0
915,0.3410221033740277,0.6,0.7581047381546133,1.0,0
916,0.7465173812006187,-0.72,0.3672069825436409,0.5,0
917,0.2301798048908752,0.48,0.9058603491271822,-0.5,0
918,0.0176652418574092,-0.84,-0.7998753117206981,0.0,0
919,0.2233214970248943,0.32,1.9432668329177056,0.0,0
920,0.0269348441173089,-0.72,0.6066084788029928,-0.5,0
921,0.4596274750905199,-0.8,-0.4619700748129673,0.0,1
922,0.6138805009345591,-0.64,-1.374064837905237,-0.5,0
923,0.2617182906219232,0.6,0.2325436408977558,-0.5,0
924,0.1725918826503834,-0.08,-1.5517456359102246,0.5,0
925,0.6163362366184577,0.28,-0.7581047381546133,0.0,1
926,0.0904216297823639,-0.36,-0.2250623441396508,-0.5,0
927,0.3785796799277823,-0.84,-1.0187032418952615,-0.5,1
928,0.3546583001486634,0.88,1.0779301745635914,-0.5,0
929,0.329004075566972,0.6,-0.8397755610972568,1.0,0
930,0.0338509314172181,-0.68,-0.1066084788029925,-0.5,0
931,0.6408145729603145,-0.8,-0.3079800498753116,0.5,0
932,0.573086255420761,-0.16,-0.2132169576059851,-0.5,1
933,0.0174755427107239,-0.84,-0.8291770573566083,-0.5,0
934,0.9701050992911088,-0.76,0.1184538653366582,-0.5,1
935,0.0611550511829085,-0.44,-0.4906483790523689,-0.5,0
936,0.3080028120084109,0.64,0.6870324189526182,0.0,0
937,0.6224391046219466,0.16,-0.6278054862842893,0.5,1
938,0.1859968342567193,0.16,-0.5804239401496261,-0.5,0
939,0.0741296929287546,-0.56,-0.9002493765586034,0.0,0
940,0.2069283786976,0.2,0.9002493765586034,0.0,0
941,0.3979699887023665,1.0,-0.4145885286783041,-0.5,0
942,0.2448550524941149,0.4,0.0118453865336656,0.0,0
943,0.7252447890783953,0.32,0.0081047381546136,1.0,1
944,0.066912494420589,-0.48,-1.0305486284289278,-0.5,0
945,0.2840285746916167,0.64,-0.2605985037406483,-0.5,0
946,0.2145559701025881,0.36,-0.1041147132169577,-0.5,0
947,0.5039562846739758,0.24,0.2562344139650873,-0.5,0
948,0.0407515978749533,-0.6,1.216334164588529,-0.5,0
949,0.1001724444746311,-0.28,0.5093516209476311,0.0,0
950,0.0257776033127387,-0.6,0.2836658354114711,-0.5,0
951,0.3128050130816146,0.72,-0.2238154613466332,0.0,0
952,0.1627035622004496,-0.12,-0.1421446384039901,1.0,0
953,0.1375370341209685,-0.4,-0.515586034912718,1.5,0
954,0.1776147924657932,0.12,-0.5529925187032417,0.0,0
955,0.2355647192012012,0.36,0.9420199501246884,0.5,0
956,0.138992657577237,0.0,1.610972568578554,-0.5,0
957,0.3966295927892297,0.96,-1.006857855361596,0.0,0
958,0.2940536947727671,0.6,0.2699501246882792,0.0,0
959,0.3853735818653366,0.96,0.2132169576059851,-0.5,0
960,0.0236171127403378,-0.72,0.1895261845386533,-0.5,0
961,0.3290692370956762,0.6,-0.1066084788029925,0.5,0
962,0.3622807012993634,0.84,-1.4214463840399,-0.5,0
963,0.103174465366553,-0.28,-0.018079800498753,0.0,0
964,0.2227663467066296,0.32,0.2824189526184539,0.0,0
965,0.0293961730423103,-0.72,-0.4619700748129673,-0.5,0
966,0.4209671179220466,0.96,0.4894014962593513,1.0,0
967,0.3226945307981788,-0.84,-0.9918952618453863,0.5,0
968,0.0999230019329784,-0.28,-0.2369077306733165,0.0,0
969,0.1419457668440445,-0.04,-1.2200748129675811,0.0,0
970,0.0885918267719438,-0.28,0.2200748129675811,0.0,0
971,0.4167161362466157,0.92,0.0947630922693268,0.5,0
972,0.5367576312352274,0.0,-1.425810473815461,2.0,1
973,0.2900808339677801,0.64,-0.0947630922693264,-0.5,0
974,0.3067783212799247,0.72,0.2250623441396508,-0.5,0
975,0.2586742589542478,0.52,2.2450124688279307,0.0,0
976,0.2835064144211878,0.68,-0.9519950124688278,-0.5,0
977,0.3047787120991762,0.64,0.0118453865336656,-0.5,0
978,0.0740490101110141,-0.64,0.3697007481296762,1.0,0
979,0.9830501766768855,-0.68,0.0829177057356607,-0.5,1
980,0.3051626379973851,0.44,0.4943890274314219,1.5,0
981,0.1031248835959542,-0.84,0.2013715710723194,1.5,0
982,0.0165739841469244,-0.68,0.5031172069825441,-0.5,0
983,0.6573630142197584,0.52,0.1421446384039901,-0.5,0
984,0.0631240225714474,-0.56,0.530548628428928,0.0,0
985,0.4693845939478018,-0.24,-1.3266832917705738,0.5,1
986,0.3037857064120938,0.56,-0.141521197007481,1.0,0
987,0.0704488026675544,-0.4,1.1477556109725684,0.0,0
988,0.3070798297780096,0.76,0.791147132169576,-0.5,0
989,0.5786558060560709,-0.08,0.0081047381546136,-0.5,0
990,0.2763655300418559,0.6,0.187655860349127,-0.5,0
991,0.2358637704991769,0.4,0.0236907730673318,-0.5,0
992,0.2810134972068021,0.44,-0.438279301745636,0.5,0
993,0.0534381535220908,-0.52,0.0330423940149626,0.0,0
994,0.2243859249286957,0.24,-1.1701995012468829,1.0,0
995,0.3115511184081975,0.6,0.3198254364089773,0.0,0
996,0.6914060252243779,0.36,-0.4844139650872816,1.0,1
997,0.1256424120306844,-0.44,-0.4264339152119699,1.0,0
998,0.0382064482921696,-0.64,-0.6514962593516207,-0.5,0
999,0.2904147388277684,0.64,0.3659600997506237,0.0,0
1000,0.2428873704235101,0.08,-0.0118453865336656,2.0,0
1001,0.137074183974713,-0.36,-1.2200748129675811,1.0,0
1002,0.9908078227812468,-0.64,0.2076059850374063,-0.5,1
1003,0.2166441044523713,0.28,1.0517456359102249,0.5,0
1004,0.5331664733044577,-0.48,0.3316708229426439,0.0,0
1005,0.3937737175843395,0.96,-0.5804239401496261,-0.5,0
1006,0.2726386336185135,0.64,0.0205735660847879,-0.5,0
1007,0.1413646112828914,-0.16,0.7637157107231921,0.5,0
1008,0.3968847569040958,-0.2,0.3821695760598501,0.0,0
1009,0.0182010644003183,-0.8,-1.3884039900249374,-0.5,0
1010,0.2236945146936982,0.0,-0.731296758104738,2.0,0
1011,0.0771058330119608,-0.48,2.0155860349127184,0.5,0
1012,0.5873037019067431,0.72,1.314837905236908,-0.5,0
1013,0.2659342298352721,0.52,-1.4214463840399,-0.5,0
1014,0.5562495916347805,-0.44,0.5093516209476311,-0.5,0
1015,0.2987533425979721,0.44,-0.201371571072319,1.0,0
1016,0.1949461939291109,0.2,-0.5903990024937655,0.0,0
1017,0.061599826890777,-0.52,-0.9357855361596008,-0.5,0
1018,0.0774334546958309,-0.24,0.064214463840399,-0.5,0
1019,0.2376588773643088,0.44,0.9145885286783044,0.0,0
1020,0.2048709136233713,0.08,0.3572319201995015,1.0,0
1021,0.7794712459777515,0.52,-0.6078553615960101,-0.5,0
1022,0.1564033116149126,0.0,0.3248129675810479,0.5,0
1023,0.2551207308168284,0.44,0.3198254364089773,0.5,0
1024,0.3048557878251152,0.52,0.3790523690773066,1.0,0
1025,0.0341727691608678,-0.76,0.2724438902743145,-0.5,0
1026,0.2899491961059203,0.64,-1.0268079800498753,0.0,0
1027,0.1456586576765265,0.12,0.54426433915212,-0.5,0
1028,0.0324387010054649,-0.84,0.071072319201995,-0.5,0
1029,0.3332426692957878,0.76,0.841022443890274,-0.5,0
1030,0.1351860033468114,-0.16,0.7581047381546133,0.0,0
1031,0.2966420964746176,0.36,-0.2250623441396508,1.5,0
1032,0.1830933937145109,-0.12,-0.9476309226932668,1.0,0
1033,0.3989149672964056,-0.64,-0.8173316708229427,0.5,0
1034,0.0401141650851857,-0.76,0.1066084788029925,-0.5,0
1035,0.0859935213093116,-0.28,1.4170822942643395,-0.5,0
1036,0.1980566044814934,0.16,0.6041147132169575,0.0,0
1037,0.1200059592874594,-0.2,1.5455112219451377,0.5,0
1038,0.53495594195228,-0.36,1.1340399002493764,0.0,0
1039,0.0323515940861576,-0.84,-0.1895261845386533,-0.5,0
1040,0.1808547254990995,0.08,-0.1776807980049876,0.0,0
1041,0.1231183143111913,-0.16,-0.4501246882793017,-0.5,0
1042,0.2956624127400491,0.72,1.3260598503740646,-0.5,0
1043,0.102174041603729,-0.4,-0.6402743142144637,0.5,0
1044,0.1064066924763929,-0.28,0.6814214463840403,0.5,0
1045,0.1496352125273153,-0.08,0.5448877805486282,0.0,0
1046,0.4814495619228985,-0.84,-0.2961346633416459,0.0,1
1047,0.640363022636306,0.16,-0.378428927680798,0.5,1
1048,0.2989942981293637,0.68,1.5180798004987528,-0.5,0
1049,0.1599944458582131,-0.04,-0.0592269326683289,0.5,0
1050,0.0993087243937822,-0.4,0.2961346633416459,0.5,0
1051,0.0309582356908624,-0.68,-0.3285536159600995,-0.5,0
1052,0.6826125530854545,0.52,-0.6988778054862844,0.0,1
1053,0.161165104564539,0.04,-0.2911471321695761,0.0,0
1054,0.0533002669658715,-0.64,0.6396508728179555,-0.5,0
1055,0.5465657096342493,-0.32,0.0093516209476308,-0.5,1
1056,0.1957634340984372,0.12,1.4451371571072325,0.0,0
1057,0.05183687312024,-0.6,0.0236907730673318,-0.5,0
1058,0.0453095736465165,-0.56,0.0704488778054864,-0.5,0
1059,0.2496331957941933,0.36,-0.2961346633416459,0.0,0
1060,0.5159179986717686,-0.64,-0.1552369077306734,0.0,1
1061,0.224339806326036,0.24,-0.7699501246882794,0.5,0
1062,0.3814858880059283,0.92,0.3672069825436409,-0.5,0
1063,0.6191565101570922,0.16,-0.5567331670822943,0.0,1
1064,0.3599536863205385,-0.64,-0.2163341645885286,-0.5,0
1065,0.1260990824460979,-0.32,0.3790523690773066,0.5,0
1066,0.377908019944645,0.08,-0.9950124688279304,0.0,0
1067,0.3567298997455459,0.76,0.3316708229426439,0.0,0
1068,0.2263597732372804,0.36,0.8528678304239407,-0.5,0
1069,0.0903184768516053,-0.32,-0.9950124688279304,-0.5,0
1070,0.5312238684676702,-0.8,-0.2250623441396508,1.0,0
1071,0.9650597778317498,-0.8,0.0355361596009975,-0.5,1
1072,0.1372662923468866,0.08,0.4756857855361593,-0.5,0
1073,0.1580682663322227,0.04,-0.0473815461346632,0.0,0
1074,0.1143244538776807,-0.32,-0.4906483790523689,0.5,0
1075,0.1522258075688605,-0.08,-0.6751870324189525,0.5,0
1076,0.228219929190599,0.28,1.3266832917705738,0.5,0
1077,0.0279887236013614,-0.68,0.2961346633416459,-0.5,0
1078,0.2651253282547239,0.48,0.3198254364089773,0.0,0
1079,0.5127760538014503,-0.84,-0.3061097256857853,1.0,1
1080,0.1197754322392647,-0.16,-1.4806733167082295,0.0,0
1081,0.5749455328388362,-0.08,-0.5211970074812967,0.0,1
1082,0.3365808873350482,0.8,0.918329177057357,0.0,0
1083,0.1274772733651852,-0.12,0.1421446384039901,0.0,0
1084,0.6728783070281641,0.0,0.54426433915212,0.5,0
1085,0.0174082328185319,-0.84,-1.0305486284289278,-0.5,0
1086,0.2903953300952403,0.52,0.4445137157107229,0.5,0
1087,0.084980970461873,-0.48,0.1895261845386533,0.0,0
1088,0.3528588455835213,-0.84,1.172693266832918,-0.5,0
1089,0.1287455109510152,0.04,-0.5804239401496261,-0.5,0
1090,0.0880406913297575,-0.4,0.9420199501246884,0.5,0
1091,0.1923569406777412,-0.04,0.0592269326683293,1.0,0
1092,0.1078328445234201,-0.36,-0.9713216957605983,0.0,0
1093,0.1640622409417327,0.04,-0.5941396508728181,0.5,0
1094,0.2195076705886588,0.44,-0.5529925187032417,-0.5,0
1095,0.7497174158406938,-0.76,-0.6627182044887778,-0.5,1
1096,0.1720071769672909,0.08,-0.7225685785536158,0.0,0
1097,0.1101552134600618,-0.24,1.2574812967581048,0.0,0
1098,0.1654725913480332,-0.04,-1.6109725685785534,0.5,0
1099,0.1811083403335551,0.12,0.9283042394014964,0.5,0
1100,0.284020303567149,0.68,0.5854114713216958,-0.5,0
1101,0.3243198920609411,0.76,0.071072319201995,-0.5,0
1102,0.5710617648026164,-0.76,-0.9894014962593516,-0.5,1
1103,0.3405548935341068,0.6,-0.6396508728179551,1.0,0
1104,0.3065471855537286,0.76,-0.802369077306733,-0.5,0
1105,0.2216992622082014,0.24,-0.2375311720698256,0.5,0
1106,0.0473058081125329,-0.52,0.1658354114713219,-0.5,0
1107,0.3996280065893501,0.96,-1.006857855361596,-0.5,0
1108,0.3328982010239817,0.76,-0.1895261845386533,-0.5,0
1109,0.1758159825596181,-0.08,-0.876558603491272,1.0,0
1110,0.0634632810992758,-0.56,1.5455112219451377,0.0,0
1111,0.095181566713848,-0.68,-1.0542394014962593,1.0,0
1112,0.061459717010725,-0.44,0.4208229426433915,-0.5,0
1113,0.0004217808724353,-0.84,0.4482543640897754,-0.5,0
1114,0.134733577186132,-0.44,-0.6776807980049874,2.0,0
1115,0.2392711454535301,0.24,-0.5031172069825437,1.0,0
1116,0.1480406575676181,-0.24,-0.0417705735660849,1.5,0
1117,0.0153545142623465,-0.84,1.2574812967581048,-0.5,0
1118,0.5255184279198908,-0.6,0.0118453865336656,-0.5,1
1119,0.0035888344599158,-0.8,-1.2387780548628429,-0.5,0
1120,0.4530895027628748,-0.76,-0.3036159600997505,-0.5,1
1121,0.4409751533112213,0.04,-0.0542394014962591,1.5,0
1122,0.0987463089188799,-0.2,-0.2512468827930175,-0.5,0
1123,0.1604792773760374,0.12,1.018079800498753,-0.5,0
1124,0.3092823131356811,0.48,0.8291770573566083,1.0,0
1125,0.3053602799422269,0.6,-0.2605985037406483,0.0,0
1126,0.867792126183951,0.64,0.9950124688279308,1.0,0
1127,0.2721329871120888,0.52,-0.8173316708229427,-0.5,0
1128,0.1026165415155232,-0.28,-1.149002493765586,-0.5,0
1129,0.0646244258386138,-0.44,0.918329177057357,0.0,0
1130,0.1693599643771649,0.08,-0.2100997506234412,0.0,0
1131,0.186377626812507,0.16,0.0205735660847879,0.0,0
1132,0.2773244512600655,0.4,0.4501246882793017,0.5,0
1133,0.7737299018234467,1.0,-0.7450124688279299,-0.5,1
1134,0.2873258838721951,0.64,0.0953865336658355,-0.5,0
1135,0.9934398409094408,-0.6,0.1658354114713219,-0.5,1
1136,0.0227463598799208,-0.76,0.4445137157107229,-0.5,0
1137,0.2246839222842206,0.24,-0.2786783042394014,1.0,0
1138,0.0650852475579336,-0.52,0.5211970074812967,0.0,0
1139,0.0569679207293511,-0.56,0.5922693266832918,-0.5,0
1140,0.4004818274070378,0.16,-0.5255610972568578,2.0,0
1141,0.1086978674150651,-0.16,-0.2649625935162095,0.0,0
1142,0.4773914787016776,-0.52,-0.3335411471321697,-0.5,1
1143,0.2949676412831818,0.72,-0.752493765586035,-0.5,0
1144,0.0485765253865756,-0.68,0.0829177057356607,-0.5,0
1145,0.0970037762413192,-0.28,0.0,-0.5,0
1146,0.6398665977515237,0.0,0.0236907730673318,0.0,1
1147,0.0919685234555012,-0.56,-0.3672069825436409,0.5,0
1148,0.2147406034291581,0.36,0.4482543640897754,-0.5,0
1149,0.7020433494415819,0.32,-0.2605985037406483,0.5,1
1150,0.3946387959466398,-0.84,-1.006857855361596,-0.5,1
1151,0.0179449009141327,-0.84,0.0367830423940151,0.0,0
1152,0.2222663552086319,0.32,-0.6751870324189525,-0.5,0
1153,0.0782811242676078,-0.44,-1.5517456359102246,-0.5,0
1154,0.130448244183,-0.12,-0.4781795511221946,0.0,0
1155,0.1806723889575004,0.2,0.5716957605985039,0.0,0
1156,0.1802654952095826,-0.04,-1.2200748129675811,0.5,0
1157,0.0117978887634715,-0.72,-0.8135910224438901,-0.5,0
1158,0.2452708380381569,0.28,-0.4975062344139649,1.0,0
1159,0.3241060841680959,0.76,-0.56857855361596,-0.5,0
1160,0.0252738128244562,-0.76,-0.9644638403990023,0.0,0
1161,0.0176022436842618,-0.84,-0.4501246882793017,-0.5,0
1162,0.0965059570941197,-0.44,-0.4021197007481294,0.5,0
1163,0.1241222042403681,-0.24,-0.2842892768079802,0.5,0
1164,0.0476434355032541,-0.8,-0.4975062344139649,0.0,0
1165,0.0625742903869195,-0.56,-1.1140897755610972,0.0,0
1166,0.6038057004349957,0.12,-0.6396508728179551,0.5,1
1167,0.0402610483820122,-0.6,-0.2512468827930175,-0.5,0
1168,0.4495650922218684,-0.4,-0.9831670822942642,-0.5,1
1169,0.6101953457295695,-0.28,-0.201371571072319,1.5,1
1170,0.9828434360453672,-0.56,0.0579800498753117,-0.5,1
1171,0.1725313416773452,0.08,0.3073566084788034,0.5,0
1172,0.1744787769587647,0.12,-0.4264339152119699,0.0,0
1173,0.1034314579141544,-0.24,-0.3790523690773066,-0.5,0
1174,0.1023773940276532,-0.2,1.6415211970074812,0.0,0
1175,0.5290401773686497,-0.36,-0.7581047381546133,1.0,1
1176,0.3043527181555103,-0.84,-0.1776807980049876,0.0,0
1177,0.0182844203039617,-0.8,-1.139027431421446,-0.5,0
1178,0.0012470043185044,-0.84,2.91708229426434,-0.5,0
1179,0.5509538963264426,-0.16,1.243765586034913,1.5,0
1180,0.1822983702922365,0.0,-0.4264339152119699,0.5,0
1181,0.1290262269486032,-0.32,0.1658354114713219,1.0,0
1182,0.8089558263514343,0.92,-0.3790523690773066,-0.5,1
1183,0.3555960390725821,0.92,1.1340399002493764,-0.5,0
1184,0.0934911044903402,-0.32,-0.4738154613466335,0.0,0
1185,0.3604531980723281,0.88,0.4738154613466331,-0.5,0
1186,0.1777503897330761,0.12,0.3908977556109723,-0.5,0
1187,0.247549966849387,0.48,0.0367830423940151,0.0,0
1188,0.6378786640942715,-0.64,-0.6870324189526182,0.5,0
1189,0.2759539797573066,0.52,1.1053615960099754,0.5,0
1190,0.3450362223529044,0.72,-0.4981296758104739,0.5,0
1191,0.2900684529175167,-0.64,0.4569825436408977,-0.5,0
1192,0.3085311160287162,0.52,1.865960099750624,1.0,0
1193,0.2842098812780754,0.44,0.1539900249376558,1.0,0
1194,0.0325060108976569,-0.84,0.2724438902743145,-0.5,0
1195,0.0152307307454361,-0.84,0.8871571072319205,-0.5,0
1196,0.0265680781412782,-0.72,-0.4906483790523689,-0.5,0
1197,0.8401401469404466,0.88,-0.0829177057356607,-0.5,1
